{"type": "FeatureCollection", "features": [{"geometry": {"type": "MultiPolygon", "coordinates": [[[[-6.681944442581937, 30.411648989109608], [-6.6791666652093795, 30.41179255778036], [-6.6791666652093795, 30.409722222202845], [-6.681944442581937, 30.409722222202845], [-6.681944442581937, 30.411648989109608]]], [[[-6.695833331243193, 30.409944310681453], [-6.692079066395763, 30.411125183480465], [-6.684722219954438, 30.411505420438857], [-6.684722219954438, 30.409722222202845], [-6.687499998226315, 30.409722222202845], [-6.695833331243193, 30.409722222202845], [-6.695833331243193, 30.409944310681453]]]]}, "type": "Feature", "properties": {"NAME_0": "Morocco", "NAME_1": "Guelmim - Es-Semara", "NL_NAME_1": "", "ISO": "MAR", "Shape_Area": 2.03220071456e-05, "VARNAME_1": "", "ENGTYPE_1": "Region", "TLegend__M": "150", "TLegend__L": "9Mixed Class", "ID_0": 152, "ID_1": 6, "CCN_1": 0, "HASC_1": "MA.GE", "TLegend__1": "1", "TLegend__3": "0", "TLegend__2": "20049 // 20058", "TLegend__5": "Sparse vegetation", "TLegend__4": "A1A14 // A2A14", "TLegend__7": "Sparse Woody Vegetation\r\n // Herbaceous Sparse Vegetation", "TLegend__6": "", "Shape_Leng": 0.0339750312864, "FID_MAR_ad": 5, "FID_Arable": 52261, "mar_gc_adg": 1479398, "TYPE_1": "Region", "CCA_1": "", "mar_gc_a_2": 150, "mar_gc_a_3": "20049 // 20058", "mar_gc_a_1": 141203}}, {"geometry": {"type": "Polygon", "coordinates": [[[-6.649503800060302, 30.404166666558467], [-6.656944442631868, 30.404166666558467], [-6.656944442631868, 30.406944444830344], [-6.654785640744706, 30.406944444830344], [-6.649503800060302, 30.404166666558467]]]}, "type": "Feature", "properties": {"NAME_0": "Morocco", "NAME_1": "Guelmim - Es-Semara", "NL_NAME_1": "", "ISO": "MAR", "Shape_Area": 1.33325641198e-05, "VARNAME_1": "", "ENGTYPE_1": "Region", "TLegend__M": "150", "TLegend__L": "9Mixed Class", "ID_0": 152, "ID_1": 6, "CCN_1": 0, "HASC_1": "MA.GE", "TLegend__1": "1", "TLegend__3": "0", "TLegend__2": "20049 // 20058", "TLegend__5": "Sparse vegetation", "TLegend__4": "A1A14 // A2A14", "TLegend__7": "Sparse Woody Vegetation\r\n // Herbaceous Sparse Vegetation", "TLegend__6": "", "Shape_Leng": 0.0183449604212, "FID_MAR_ad": 5, "FID_Arable": 52311, "mar_gc_adg": 493171, "TYPE_1": "Region", "CCA_1": "", "mar_gc_a_2": 150, "mar_gc_a_3": "20049 // 20058", "mar_gc_a_1": 141503}}, {"geometry": {"type": "Polygon", "coordinates": [[[-6.640277775698735, 30.399649548188165], [-6.640277775698735, 30.39861111091409], [-6.643055553970612, 30.39861111091409], [-6.64861110961499, 30.39861111091409], [-6.64861110961499, 30.39583333354159], [-6.654166665259368, 30.39583333354159], [-6.654166665259368, 30.39861111091409], [-6.65138888698749, 30.39861111091409], [-6.65138888698749, 30.401388889185966], [-6.64861110961499, 30.401388889185966], [-6.64861110961499, 30.40369719077279], [-6.643535136337448, 30.401027680083416], [-6.640277775698735, 30.399649548188165]]]}, "type": "Feature", "properties": {"NAME_0": "Morocco", "NAME_1": "Guelmim - Es-Semara", "NL_NAME_1": "", "ISO": "MAR", "Shape_Area": 4.78168703762e-05, "VARNAME_1": "", "ENGTYPE_1": "Region", "TLegend__M": "150", "TLegend__L": "9Mixed Class", "ID_0": 152, "ID_1": 6, "CCN_1": 0, "HASC_1": "MA.GE", "TLegend__1": "1", "TLegend__3": "0", "TLegend__2": "20049 // 20058", "TLegend__5": "Sparse vegetation", "TLegend__4": "A1A14 // A2A14", "TLegend__7": "Sparse Woody Vegetation\r\n // Herbaceous Sparse Vegetation", "TLegend__6": "", "Shape_Leng": 0.0403965514737, "FID_MAR_ad": 5, "FID_Arable": 52334, "mar_gc_adg": 822004, "TYPE_1": "Region", "CCA_1": "", "mar_gc_a_2": 150, "mar_gc_a_3": "20049 // 20058", "mar_gc_a_1": 141629}}, {"geometry": {"type": "Polygon", "coordinates": [[[-6.6652777756488035, 30.39027777789721], [-6.668055553920624, 30.39027777789721], [-6.668055553920624, 30.39583333354159], [-6.6652777756488035, 30.39583333354159], [-6.6652777756488035, 30.39027777789721]]]}, "type": "Feature", "properties": {"NAME_0": "Morocco", "NAME_1": "Guelmim - Es-Semara", "NL_NAME_1": "", "ISO": "MAR", "Shape_Area": 1.54321017568e-05, "VARNAME_1": "", "ENGTYPE_1": "Region", "TLegend__M": "150", "TLegend__L": "9Mixed Class", "ID_0": 152, "ID_1": 6, "CCN_1": 0, "HASC_1": "MA.GE", "TLegend__1": "1", "TLegend__3": "0", "TLegend__2": "20049 // 20058", "TLegend__5": "Sparse vegetation", "TLegend__4": "A1A14 // A2A14", "TLegend__7": "Sparse Woody Vegetation\r\n // Herbaceous Sparse Vegetation", "TLegend__6": "", "Shape_Leng": 0.0166666678324, "FID_MAR_ad": 5, "FID_Arable": 52364, "mar_gc_adg": 164413, "TYPE_1": "Region", "CCA_1": "", "mar_gc_a_2": 150, "mar_gc_a_3": "20049 // 20058", "mar_gc_a_1": 141834}}, {"geometry": {"type": "Polygon", "coordinates": [[[-6.64861110961499, 30.365277777947142], [-6.65138888698749, 30.365277777947142], [-6.65138888698749, 30.37083333359152], [-6.645833331343113, 30.37083333359152], [-6.645833331343113, 30.3680555553197], [-6.64861110961499, 30.3680555553197], [-6.64861110961499, 30.365277777947142]]]}, "type": "Feature", "properties": {"NAME_0": "Morocco", "NAME_1": "Guelmim - Es-Semara", "NL_NAME_1": "", "ISO": "MAR", "Shape_Area": 2.31481488882e-05, "VARNAME_1": "", "ENGTYPE_1": "Region", "TLegend__M": "150", "TLegend__L": "9Mixed Class", "ID_0": 152, "ID_1": 6, "CCN_1": 0, "HASC_1": "MA.GE", "TLegend__1": "1", "TLegend__3": "0", "TLegend__2": "20049 // 20058", "TLegend__5": "Sparse vegetation", "TLegend__4": "A1A14 // A2A14", "TLegend__7": "Sparse Woody Vegetation\r\n // Herbaceous Sparse Vegetation", "TLegend__6": "", "Shape_Leng": 0.0222222225775, "FID_MAR_ad": 5, "FID_Arable": 52485, "mar_gc_adg": 246681, "TYPE_1": "Region", "CCA_1": "", "mar_gc_a_2": 150, "mar_gc_a_3": "20049 // 20058", "mar_gc_a_1": 142305}}]}