{"type": "FeatureCollection", "features": [{"geometry": {"type": "Polygon", "coordinates": [[[-7.59305555387067, 30.168055555719377], [-7.59305555387067, 30.1652777774475], [-7.5958333312431705, 30.1652777774475], [-7.5958333312431705, 30.168055555719377], [-7.6041666651594255, 30.168055555719377], [-7.6041666651594255, 30.170833333091878], [-7.59305555387067, 30.170833333091878], [-7.59305555387067, 30.168055555719377]]]}, "type": "Feature", "properties": {"NAME_0": "Morocco", "NAME_1": "Guelmim - Es-Semara", "NL_NAME_1": "", "ISO": "MAR", "Shape_Area": 3.85802431507e-05, "VARNAME_1": "", "ENGTYPE_1": "Region", "TLegend__M": "150", "TLegend__L": "9Mixed Class", "ID_0": 152, "ID_1": 6, "CCN_1": 0, "HASC_1": "MA.GE", "TLegend__1": "1", "TLegend__3": "0", "TLegend__2": "20049 // 20058", "TLegend__5": "Sparse vegetation", "TLegend__4": "A1A14 // A2A14", "TLegend__7": "Sparse Woody Vegetation\r\n // Herbaceous Sparse Vegetation", "TLegend__6": "", "Shape_Leng": 0.0333333338663, "FID_MAR_ad": 5, "FID_Arable": 53244, "mar_gc_adg": 411954, "TYPE_1": "Region", "CCA_1": "", "mar_gc_a_2": 150, "mar_gc_a_3": "20049 // 20058", "mar_gc_a_1": 146300}}, {"geometry": {"type": "Polygon", "coordinates": [[[-7.620833331193239, 30.151388888786244], [-7.626388886837617, 30.151388888786244], [-7.626388886837617, 30.162500000075], [-7.620833331193239, 30.162500000075], [-7.620833331193239, 30.159722221803122], [-7.620833331193239, 30.154166667058064], [-7.620833331193239, 30.151388888786244]]]}, "type": "Feature", "properties": {"NAME_0": "Morocco", "NAME_1": "Guelmim - Es-Semara", "NL_NAME_1": "", "ISO": "MAR", "Shape_Area": 6.17283970356e-05, "VARNAME_1": "", "ENGTYPE_1": "Region", "TLegend__M": "150", "TLegend__L": "9Mixed Class", "ID_0": 152, "ID_1": 6, "CCN_1": 0, "HASC_1": "MA.GE", "TLegend__1": "1", "TLegend__3": "0", "TLegend__2": "20049 // 20058", "TLegend__5": "Sparse vegetation", "TLegend__4": "A1A14 // A2A14", "TLegend__7": "Sparse Woody Vegetation\r\n // Herbaceous Sparse Vegetation", "TLegend__6": "", "Shape_Leng": 0.0333333338663, "FID_MAR_ad": 5, "FID_Arable": 53284, "mar_gc_adg": 659205, "TYPE_1": "Region", "CCA_1": "", "mar_gc_a_2": 150, "mar_gc_a_3": "20049 // 20058", "mar_gc_a_1": 146463}}, {"geometry": {"type": "Polygon", "coordinates": [[[-7.640277775498873, 30.15694444443062], [-7.645833331143251, 30.15694444443062], [-7.645833331143251, 30.159722221803122], [-7.640277775498873, 30.159722221803122], [-7.640277775498873, 30.162500000075], [-7.637499998126373, 30.162500000075], [-7.637499998126373, 30.159722221803122], [-7.637499998126373, 30.15694444443062], [-7.640277775498873, 30.15694444443062]]]}, "type": "Feature", "properties": {"NAME_0": "Morocco", "NAME_1": "Guelmim - Es-Semara", "NL_NAME_1": "", "ISO": "MAR", "Shape_Area": 3.08641935212e-05, "VARNAME_1": "", "ENGTYPE_1": "Region", "TLegend__M": "150", "TLegend__L": "9Mixed Class", "ID_0": 152, "ID_1": 6, "CCN_1": 0, "HASC_1": "MA.GE", "TLegend__1": "1", "TLegend__3": "0", "TLegend__2": "20049 // 20058", "TLegend__5": "Sparse vegetation", "TLegend__4": "A1A14 // A2A14", "TLegend__7": "Sparse Woody Vegetation\r\n // Herbaceous Sparse Vegetation", "TLegend__6": "", "Shape_Leng": 0.0277777773225, "FID_MAR_ad": 5, "FID_Arable": 53285, "mar_gc_adg": 329596, "TYPE_1": "Region", "CCA_1": "", "mar_gc_a_2": 150, "mar_gc_a_3": "20049 // 20058", "mar_gc_a_1": 146470}}, {"geometry": {"type": "Polygon", "coordinates": [[[-7.009722220204253, 30.154166667058064], [-7.009722220204253, 30.15694444443062], [-7.004166664559875, 30.15694444443062], [-7.004166664559875, 30.154166667058064], [-7.006944442831752, 30.154166667058064], [-7.009722220204253, 30.154166667058064]]]}, "type": "Feature", "properties": {"NAME_0": "Morocco", "NAME_1": "Guelmim - Es-Semara", "NL_NAME_1": "", "ISO": "MAR", "Shape_Area": 1.54320967609e-05, "VARNAME_1": "", "ENGTYPE_1": "Region", "TLegend__M": "150", "TLegend__L": "9Mixed Class", "ID_0": 152, "ID_1": 6, "CCN_1": 0, "HASC_1": "MA.GE", "TLegend__1": "1", "TLegend__3": "0", "TLegend__2": "20049 // 20058", "TLegend__5": "Sparse vegetation", "TLegend__4": "A1A14 // A2A14", "TLegend__7": "Sparse Woody Vegetation\r\n // Herbaceous Sparse Vegetation", "TLegend__6": "", "Shape_Leng": 0.0166666660339, "FID_MAR_ad": 5, "FID_Arable": 53304, "mar_gc_adg": 164804, "TYPE_1": "Region", "CCA_1": "", "mar_gc_a_2": 150, "mar_gc_a_3": "20049 // 20058", "mar_gc_a_1": 146398}}, {"geometry": {"type": "Polygon", "coordinates": [[[-7.015277775848631, 30.151388888786244], [-7.015277775848631, 30.154166667058064], [-7.009722220204253, 30.154166667058064], [-7.009722220204253, 30.151388888786244], [-7.015277775848631, 30.151388888786244]]]}, "type": "Feature", "properties": {"NAME_0": "Morocco", "NAME_1": "Guelmim - Es-Semara", "NL_NAME_1": "", "ISO": "MAR", "Shape_Area": 1.54321017568e-05, "VARNAME_1": "", "ENGTYPE_1": "Region", "TLegend__M": "150", "TLegend__L": "9Mixed Class", "ID_0": 152, "ID_1": 6, "CCN_1": 0, "HASC_1": "MA.GE", "TLegend__1": "1", "TLegend__3": "0", "TLegend__2": "20049 // 20058", "TLegend__5": "Sparse vegetation", "TLegend__4": "A1A14 // A2A14", "TLegend__7": "Sparse Woody Vegetation\r\n // Herbaceous Sparse Vegetation", "TLegend__6": "", "Shape_Leng": 0.0166666678324, "FID_MAR_ad": 5, "FID_Arable": 53313, "mar_gc_adg": 164808, "TYPE_1": "Region", "CCA_1": "", "mar_gc_a_2": 150, "mar_gc_a_3": "20049 // 20058", "mar_gc_a_1": 146453}}, {"geometry": {"type": "Polygon", "coordinates": [[[-7.015277775848631, 30.151388888786244], [-7.015277775848631, 30.148611111413686], [-7.018055554120451, 30.148611111413686], [-7.018055554120451, 30.145833333141866], [-7.020833331493009, 30.145833333141866], [-7.023611108865509, 30.145833333141866], [-7.023611108865509, 30.148611111413686], [-7.020833331493009, 30.148611111413686], [-7.020833331493009, 30.151388888786244], [-7.015277775848631, 30.151388888786244]]]}, "type": "Feature", "properties": {"NAME_0": "Morocco", "NAME_1": "Guelmim - Es-Semara", "NL_NAME_1": "", "ISO": "MAR", "Shape_Area": 3.08641960197e-05, "VARNAME_1": "", "ENGTYPE_1": "Region", "TLegend__M": "150", "TLegend__L": "9Mixed Class", "ID_0": 152, "ID_1": 6, "CCN_1": 0, "HASC_1": "MA.GE", "TLegend__1": "1", "TLegend__3": "0", "TLegend__2": "20049 // 20058", "TLegend__5": "Sparse vegetation", "TLegend__4": "A1A14 // A2A14", "TLegend__7": "Sparse Woody Vegetation\r\n // Herbaceous Sparse Vegetation", "TLegend__6": "", "Shape_Leng": 0.0277777773225, "FID_MAR_ad": 5, "FID_Arable": 53319, "mar_gc_adg": 329630, "TYPE_1": "Region", "CCA_1": "", "mar_gc_a_2": 150, "mar_gc_a_3": "20049 // 20058", "mar_gc_a_1": 146518}}, {"geometry": {"type": "Polygon", "coordinates": [[[-7.606944442531926, 30.14305555576931], [-7.609722220803803, 30.14305555576931], [-7.609722220803803, 30.148611111413686], [-7.606944442531926, 30.148611111413686], [-7.606944442531926, 30.14305555576931]]]}, "type": "Feature", "properties": {"NAME_0": "Morocco", "NAME_1": "Guelmim - Es-Semara", "NL_NAME_1": "", "ISO": "MAR", "Shape_Area": 1.54321017572e-05, "VARNAME_1": "", "ENGTYPE_1": "Region", "TLegend__M": "150", "TLegend__L": "9Mixed Class", "ID_0": 152, "ID_1": 6, "CCN_1": 0, "HASC_1": "MA.GE", "TLegend__1": "1", "TLegend__3": "0", "TLegend__2": "20049 // 20058", "TLegend__5": "Sparse vegetation", "TLegend__4": "A1A14 // A2A14", "TLegend__7": "Sparse Woody Vegetation\r\n // Herbaceous Sparse Vegetation", "TLegend__6": "", "Shape_Leng": 0.0166666678325, "FID_MAR_ad": 5, "FID_Arable": 53323, "mar_gc_adg": 164820, "TYPE_1": "Region", "CCA_1": "", "mar_gc_a_2": 150, "mar_gc_a_3": "20049 // 20058", "mar_gc_a_1": 146719}}, {"geometry": {"type": "Polygon", "coordinates": [[[-6.793767094575685, 30.131944444480553], [-6.795833331942674, 30.131944444480553], [-6.795833331942674, 30.132605102643424], [-6.795012300377323, 30.132260500421808], [-6.793767094575685, 30.131944444480553]]]}, "type": "Feature", "properties": {"NAME_0": "Morocco", "NAME_1": "Guelmim - Es-Semara", "NL_NAME_1": "", "ISO": "MAR", "Shape_Area": 5.97733900752e-07, "VARNAME_1": "", "ENGTYPE_1": "Region", "TLegend__M": "20", "TLegend__L": "9Mixed Class", "ID_0": 152, "ID_1": 6, "CCN_1": 0, "HASC_1": "MA.GE", "TLegend__1": "1", "TLegend__3": "0", "TLegend__2": "0003 / 0004", "TLegend__5": "Mosaic cropland vegetation", "TLegend__4": "A11 / A12", "TLegend__7": "Cultivated and Managed Terrestrial Area(s)\r\n / Natural And Semi-Natural Primarily Terrestrial Vegetation", "TLegend__6": "", "Shape_Leng": 0.00490200331639, "FID_MAR_ad": 5, "FID_Arable": 53370, "mar_gc_adg": 329675, "TYPE_1": "Region", "CCA_1": "", "mar_gc_a_2": 20, "mar_gc_a_3": "0003 / 0004", "mar_gc_a_1": 146709}}, {"geometry": {"type": "Polygon", "coordinates": [[[-7.637499998126373, 30.120833333191797], [-7.645833331143251, 30.120833333191797], [-7.645833331143251, 30.123611111463674], [-7.6430555537707505, 30.123611111463674], [-7.6430555537707505, 30.131944444480553], [-7.634722220753815, 30.131944444480553], [-7.634722220753815, 30.13472222185311], [-7.626388886837617, 30.13472222185311], [-7.626388886837617, 30.131944444480553], [-7.626388886837617, 30.129166666208732], [-7.629166665109437, 30.129166666208732], [-7.631944442481995, 30.129166666208732], [-7.631944442481995, 30.126388888836175], [-7.634722220753815, 30.126388888836175], [-7.634722220753815, 30.123611111463674], [-7.637499998126373, 30.123611111463674], [-7.637499998126373, 30.120833333191797]]]}, "type": "Feature", "properties": {"NAME_0": "Morocco", "NAME_1": "Guelmim - Es-Semara", "NL_NAME_1": "", "ISO": "MAR", "Shape_Area": 0.000146604940461, "VARNAME_1": "", "ENGTYPE_1": "Region", "TLegend__M": "150", "TLegend__L": "9Mixed Class", "ID_0": 152, "ID_1": 6, "CCN_1": 0, "HASC_1": "MA.GE", "TLegend__1": "1", "TLegend__3": "0", "TLegend__2": "20049 // 20058", "TLegend__5": "Sparse vegetation", "TLegend__4": "A1A14 // A2A14", "TLegend__7": "Sparse Woody Vegetation\r\n // Herbaceous Sparse Vegetation", "TLegend__6": "", "Shape_Leng": 0.0666666659339, "FID_MAR_ad": 5, "FID_Arable": 53385, "mar_gc_adg": 1566059, "TYPE_1": "Region", "CCA_1": "", "mar_gc_a_2": 150, "mar_gc_a_3": "20049 // 20058", "mar_gc_a_1": 146980}}, {"geometry": {"type": "Polygon", "coordinates": [[[-7.009722220204253, 30.123611111463674], [-7.01249999847613, 30.123611111463674], [-7.01249999847613, 30.129166666208732], [-7.009722220204253, 30.129166666208732], [-7.009722220204253, 30.131944444480553], [-7.006944442831752, 30.131944444480553], [-7.006944442831752, 30.126388888836175], [-7.009722220204253, 30.126388888836175], [-7.009722220204253, 30.123611111463674]]]}, "type": "Feature", "properties": {"NAME_0": "Morocco", "NAME_1": "Guelmim - Es-Semara", "NL_NAME_1": "", "ISO": "MAR", "Shape_Area": 3.08641960197e-05, "VARNAME_1": "", "ENGTYPE_1": "Region", "TLegend__M": "150", "TLegend__L": "9Mixed Class", "ID_0": 152, "ID_1": 6, "CCN_1": 0, "HASC_1": "MA.GE", "TLegend__1": "1", "TLegend__3": "0", "TLegend__2": "20049 // 20058", "TLegend__5": "Sparse vegetation", "TLegend__4": "A1A14 // A2A14", "TLegend__7": "Sparse Woody Vegetation\r\n // Herbaceous Sparse Vegetation", "TLegend__6": "", "Shape_Leng": 0.0277777773225, "FID_MAR_ad": 5, "FID_Arable": 53397, "mar_gc_adg": 329698, "TYPE_1": "Region", "CCA_1": "", "mar_gc_a_2": 150, "mar_gc_a_3": "20049 // 20058", "mar_gc_a_1": 146866}}]}