{"type": "FeatureCollection", "features": [{"geometry": {"type": "Polygon", "coordinates": [[[-10.220833331393067, 29.026388889235875], [-10.229166664410002, 29.026388889235875], [-10.229166664410002, 29.029166666608432], [-10.220833331393067, 29.029166666608432], [-10.220833331393067, 29.026388889235875]]]}, "type": "Feature", "properties": {"NAME_0": "Morocco", "NAME_1": "Guelmim - Es-Semara", "NL_NAME_1": "", "ISO": "MAR", "Shape_Area": 2.31481438924e-05, "VARNAME_1": "", "ENGTYPE_1": "Region", "TLegend__M": "150", "TLegend__L": "9Mixed Class", "ID_0": 152, "ID_1": 6, "CCN_1": 0, "HASC_1": "MA.GE", "TLegend__1": "1", "TLegend__3": "0", "TLegend__2": "20049 // 20058", "TLegend__5": "Sparse vegetation", "TLegend__4": "A1A14 // A2A14", "TLegend__7": "Sparse Woody Vegetation\r\n // Herbaceous Sparse Vegetation", "TLegend__6": "", "Shape_Leng": 0.022222220779, "FID_MAR_ad": 5, "FID_Arable": 55624, "mar_gc_adg": 249928, "TYPE_1": "Region", "CCA_1": "", "mar_gc_a_2": 150, "mar_gc_a_3": "20049 // 20058", "mar_gc_a_1": 159327}}, {"geometry": {"type": "Polygon", "coordinates": [[[-9.468055553720774, 29.023611110964055], [-9.473611109365152, 29.023611110964055], [-9.473611109365152, 29.026388889235875], [-9.468055553720774, 29.026388889235875], [-9.468055553720774, 29.023611110964055]]]}, "type": "Feature", "properties": {"NAME_0": "Morocco", "NAME_1": "Guelmim - Es-Semara", "NL_NAME_1": "", "ISO": "MAR", "Shape_Area": 1.54321017568e-05, "VARNAME_1": "", "ENGTYPE_1": "Region", "TLegend__M": "150", "TLegend__L": "9Mixed Class", "ID_0": 152, "ID_1": 6, "CCN_1": 0, "HASC_1": "MA.GE", "TLegend__1": "1", "TLegend__3": "0", "TLegend__2": "20049 // 20058", "TLegend__5": "Sparse vegetation", "TLegend__4": "A1A14 // A2A14", "TLegend__7": "Sparse Woody Vegetation\r\n // Herbaceous Sparse Vegetation", "TLegend__6": "", "Shape_Leng": 0.0166666678324, "FID_MAR_ad": 5, "FID_Arable": 55625, "mar_gc_adg": 166623, "TYPE_1": "Region", "CCA_1": "", "mar_gc_a_2": 150, "mar_gc_a_3": "20049 // 20058", "mar_gc_a_1": 159288}}, {"geometry": {"type": "Polygon", "coordinates": [[[-10.2374999983262, 29.023611110964055], [-10.2374999983262, 29.020833333591497], [-10.23472222005438, 29.020833333591497], [-10.23472222005438, 29.018055555319677], [-10.2374999983262, 29.018055555319677], [-10.240277775698758, 29.018055555319677], [-10.240277775698758, 29.023611110964055], [-10.2374999983262, 29.023611110964055]]]}, "type": "Feature", "properties": {"NAME_0": "Morocco", "NAME_1": "Guelmim - Es-Semara", "NL_NAME_1": "", "ISO": "MAR", "Shape_Area": 2.31481488883e-05, "VARNAME_1": "", "ENGTYPE_1": "Region", "TLegend__M": "150", "TLegend__L": "9Mixed Class", "ID_0": 152, "ID_1": 6, "CCN_1": 0, "HASC_1": "MA.GE", "TLegend__1": "1", "TLegend__3": "0", "TLegend__2": "20049 // 20058", "TLegend__5": "Sparse vegetation", "TLegend__4": "A1A14 // A2A14", "TLegend__7": "Sparse Woody Vegetation\r\n // Herbaceous Sparse Vegetation", "TLegend__6": "", "Shape_Leng": 0.0222222225775, "FID_MAR_ad": 5, "FID_Arable": 55626, "mar_gc_adg": 249945, "TYPE_1": "Region", "CCA_1": "", "mar_gc_a_2": 150, "mar_gc_a_3": "20049 // 20058", "mar_gc_a_1": 159349}}, {"geometry": {"type": "Polygon", "coordinates": [[[-10.387499998026442, 29.01527777794712], [-10.39305555367082, 29.01527777794712], [-10.39305555367082, 29.020833333591497], [-10.387499998026442, 29.020833333591497], [-10.387499998026442, 29.018055555319677], [-10.387499998026442, 29.01527777794712]]]}, "type": "Feature", "properties": {"NAME_0": "Morocco", "NAME_1": "Guelmim - Es-Semara", "NL_NAME_1": "", "ISO": "MAR", "Shape_Area": 3.08641985178e-05, "VARNAME_1": "", "ENGTYPE_1": "Region", "TLegend__M": "150", "TLegend__L": "9Mixed Class", "ID_0": 152, "ID_1": 6, "CCN_1": 0, "HASC_1": "MA.GE", "TLegend__1": "1", "TLegend__3": "0", "TLegend__2": "20049 // 20058", "TLegend__5": "Sparse vegetation", "TLegend__4": "A1A14 // A2A14", "TLegend__7": "Sparse Woody Vegetation\r\n // Herbaceous Sparse Vegetation", "TLegend__6": "", "Shape_Leng": 0.0222222225775, "FID_MAR_ad": 5, "FID_Arable": 55627, "mar_gc_adg": 333268, "TYPE_1": "Region", "CCA_1": "", "mar_gc_a_2": 150, "mar_gc_a_3": "20049 // 20058", "mar_gc_a_1": 159374}}, {"geometry": {"type": "Polygon", "coordinates": [[[-10.481944442182225, 29.01527777794712], [-10.484722220454046, 29.01527777794712], [-10.484722220454046, 29.020833333591497], [-10.481944442182225, 29.020833333591497], [-10.481944442182225, 29.01527777794712]]]}, "type": "Feature", "properties": {"NAME_0": "Morocco", "NAME_1": "Guelmim - Es-Semara", "NL_NAME_1": "", "ISO": "MAR", "Shape_Area": 1.54321017568e-05, "VARNAME_1": "", "ENGTYPE_1": "Region", "TLegend__M": "150", "TLegend__L": "9Mixed Class", "ID_0": 152, "ID_1": 6, "CCN_1": 0, "HASC_1": "MA.GE", "TLegend__1": "1", "TLegend__3": "0", "TLegend__2": "20049 // 20058", "TLegend__5": "Sparse vegetation", "TLegend__4": "A1A14 // A2A14", "TLegend__7": "Sparse Woody Vegetation\r\n // Herbaceous Sparse Vegetation", "TLegend__6": "", "Shape_Leng": 0.0166666678324, "FID_MAR_ad": 5, "FID_Arable": 55628, "mar_gc_adg": 166634, "TYPE_1": "Region", "CCA_1": "", "mar_gc_a_2": 150, "mar_gc_a_3": "20049 // 20058", "mar_gc_a_1": 159382}}, {"geometry": {"type": "Polygon", "coordinates": [[[-8.84861110971491, 29.01527777794712], [-8.85138888708741, 29.01527777794712], [-8.85138888708741, 29.020833333591497], [-8.84861110971491, 29.020833333591497], [-8.84861110971491, 29.01527777794712]]]}, "type": "Feature", "properties": {"NAME_0": "Morocco", "NAME_1": "Guelmim - Es-Semara", "NL_NAME_1": "", "ISO": "MAR", "Shape_Area": 1.54320967606e-05, "VARNAME_1": "", "ENGTYPE_1": "Region", "TLegend__M": "150", "TLegend__L": "9Mixed Class", "ID_0": 152, "ID_1": 6, "CCN_1": 0, "HASC_1": "MA.GE", "TLegend__1": "1", "TLegend__3": "0", "TLegend__2": "20049 // 20058", "TLegend__5": "Sparse vegetation", "TLegend__4": "A1A14 // A2A14", "TLegend__7": "Sparse Woody Vegetation\r\n // Herbaceous Sparse Vegetation", "TLegend__6": "", "Shape_Leng": 0.0166666660338, "FID_MAR_ad": 5, "FID_Arable": 55629, "mar_gc_adg": 166634, "TYPE_1": "Region", "CCA_1": "", "mar_gc_a_2": 150, "mar_gc_a_3": "20049 // 20058", "mar_gc_a_1": 159272}}, {"geometry": {"type": "Polygon", "coordinates": [[[-9.481944442382087, 29.020833333591497], [-9.481944442382087, 29.018055555319677], [-9.476388886737709, 29.018055555319677], [-9.476388886737709, 29.01527777794712], [-9.47916666500953, 29.01527777794712], [-9.484722220653907, 29.01527777794712], [-9.484722220653907, 29.018055555319677], [-9.487499998026465, 29.018055555319677], [-9.487499998026465, 29.020833333591497], [-9.481944442382087, 29.020833333591497]]]}, "type": "Feature", "properties": {"NAME_0": "Morocco", "NAME_1": "Guelmim - Es-Semara", "NL_NAME_1": "", "ISO": "MAR", "Shape_Area": 3.85802481472e-05, "VARNAME_1": "", "ENGTYPE_1": "Region", "TLegend__M": "150", "TLegend__L": "9Mixed Class", "ID_0": 152, "ID_1": 6, "CCN_1": 0, "HASC_1": "MA.GE", "TLegend__1": "1", "TLegend__3": "0", "TLegend__2": "20049 // 20058", "TLegend__5": "Sparse vegetation", "TLegend__4": "A1A14 // A2A14", "TLegend__7": "Sparse Woody Vegetation\r\n // Herbaceous Sparse Vegetation", "TLegend__6": "", "Shape_Leng": 0.0333333338663, "FID_MAR_ad": 5, "FID_Arable": 55630, "mar_gc_adg": 416585, "TYPE_1": "Region", "CCA_1": "", "mar_gc_a_2": 150, "mar_gc_a_3": "20049 // 20058", "mar_gc_a_1": 159311}}, {"geometry": {"type": "Polygon", "coordinates": [[[-10.526388887337248, 29.0124999996753], [-10.529166664709749, 29.0124999996753], [-10.529166664709749, 29.01527777794712], [-10.526388887337248, 29.01527777794712], [-10.526388887337248, 29.01763916021912], [-10.526388167879588, 29.01763916021912], [-10.526248931243117, 29.01763916021912], [-10.526248931243117, 29.01777839685559], [-10.526248931243117, 29.01791572602997], [-10.525973319612945, 29.01791572602997], [-10.525695800520737, 29.01791572602997], [-10.525695800520737, 29.01805496266644], [-10.525695800520737, 29.018055555319677], [-10.52361110906537, 29.018055555319677], [-10.52361110906537, 29.01527777794712], [-10.52361110906537, 29.0124999996753], [-10.526388887337248, 29.0124999996753]]]}, "type": "Feature", "properties": {"NAME_0": "Morocco", "NAME_1": "Guelmim - Es-Semara", "NL_NAME_1": "", "ISO": "MAR", "Shape_Area": 2.30125304785e-05, "VARNAME_1": "", "ENGTYPE_1": "Region", "TLegend__M": "150", "TLegend__L": "9Mixed Class", "ID_0": 152, "ID_1": 6, "CCN_1": 0, "HASC_1": "MA.GE", "TLegend__1": "1", "TLegend__3": "0", "TLegend__2": "20049 // 20058", "TLegend__5": "Sparse vegetation", "TLegend__4": "A1A14 // A2A14", "TLegend__7": "Sparse Woody Vegetation\r\n // Herbaceous Sparse Vegetation", "TLegend__6": "", "Shape_Leng": 0.0222222225775, "FID_MAR_ad": 5, "FID_Arable": 55631, "mar_gc_adg": 249958, "TYPE_1": "Region", "CCA_1": "", "mar_gc_a_2": 150, "mar_gc_a_3": "20049 // 20058", "mar_gc_a_1": 159395}}, {"geometry": {"type": "Polygon", "coordinates": [[[-8.6124999979765, 29.01527777794712], [-8.618055553620877, 29.01527777794712], [-8.618055553620877, 29.018055555319677], [-8.6124999979765, 29.018055555319677], [-8.6124999979765, 29.01527777794712]]]}, "type": "Feature", "properties": {"NAME_0": "Morocco", "NAME_1": "Guelmim - Es-Semara", "NL_NAME_1": "", "ISO": "MAR", "Shape_Area": 1.54320967609e-05, "VARNAME_1": "", "ENGTYPE_1": "Region", "TLegend__M": "150", "TLegend__L": "9Mixed Class", "ID_0": 152, "ID_1": 6, "CCN_1": 0, "HASC_1": "MA.GE", "TLegend__1": "1", "TLegend__3": "0", "TLegend__2": "20049 // 20058", "TLegend__5": "Sparse vegetation", "TLegend__4": "A1A14 // A2A14", "TLegend__7": "Sparse Woody Vegetation\r\n // Herbaceous Sparse Vegetation", "TLegend__6": "", "Shape_Leng": 0.0166666660339, "FID_MAR_ad": 5, "FID_Arable": 55632, "mar_gc_adg": 166636, "TYPE_1": "Region", "CCA_1": "", "mar_gc_a_2": 150, "mar_gc_a_3": "20049 // 20058", "mar_gc_a_1": 159268}}, {"geometry": {"type": "Polygon", "coordinates": [[[-9.223611108965486, 29.0124999996753], [-9.226388887237306, 29.0124999996753], [-9.226388887237306, 29.018055555319677], [-9.223611108965486, 29.018055555319677], [-9.223611108965486, 29.01527777794712], [-9.223611108965486, 29.0124999996753]]]}, "type": "Feature", "properties": {"NAME_0": "Morocco", "NAME_1": "Guelmim - Es-Semara", "NL_NAME_1": "", "ISO": "MAR", "Shape_Area": 1.54321017568e-05, "VARNAME_1": "", "ENGTYPE_1": "Region", "TLegend__M": "150", "TLegend__L": "9Mixed Class", "ID_0": 152, "ID_1": 6, "CCN_1": 0, "HASC_1": "MA.GE", "TLegend__1": "1", "TLegend__3": "0", "TLegend__2": "20049 // 20058", "TLegend__5": "Sparse vegetation", "TLegend__4": "A1A14 // A2A14", "TLegend__7": "Sparse Woody Vegetation\r\n // Herbaceous Sparse Vegetation", "TLegend__6": "", "Shape_Leng": 0.0166666678324, "FID_MAR_ad": 5, "FID_Arable": 55633, "mar_gc_adg": 166638, "TYPE_1": "Region", "CCA_1": "", "mar_gc_a_2": 150, "mar_gc_a_3": "20049 // 20058", "mar_gc_a_1": 159305}}, {"geometry": {"type": "Polygon", "coordinates": [[[-8.620833331892698, 29.00694444403092], [-8.623611109265255, 29.00694444403092], [-8.623611109265255, 29.0124999996753], [-8.620833331892698, 29.0124999996753], [-8.620833331892698, 29.00694444403092]]]}, "type": "Feature", "properties": {"NAME_0": "Morocco", "NAME_1": "Guelmim - Es-Semara", "NL_NAME_1": "", "ISO": "MAR", "Shape_Area": 1.54320967609e-05, "VARNAME_1": "", "ENGTYPE_1": "Region", "TLegend__M": "150", "TLegend__L": "9Mixed Class", "ID_0": 152, "ID_1": 6, "CCN_1": 0, "HASC_1": "MA.GE", "TLegend__1": "1", "TLegend__3": "0", "TLegend__2": "20049 // 20058", "TLegend__5": "Sparse vegetation", "TLegend__4": "A1A14 // A2A14", "TLegend__7": "Sparse Woody Vegetation\r\n // Herbaceous Sparse Vegetation", "TLegend__6": "", "Shape_Leng": 0.0166666660339, "FID_MAR_ad": 5, "FID_Arable": 55634, "mar_gc_adg": 166647, "TYPE_1": "Region", "CCA_1": "", "mar_gc_a_2": 150, "mar_gc_a_3": "20049 // 20058", "mar_gc_a_1": 159292}}, {"geometry": {"type": "MultiPolygon", "coordinates": [[[[-8.890277775698735, 29.0124999996753], [-8.890277775698735, 29.010336555487697], [-8.890341200386047, 29.01070639988052], [-8.890537300256142, 29.011113600312456], [-8.89073330030152, 29.011520799845073], [-8.890978399733342, 29.011863699650064], [-8.891076399756003, 29.01229230034943], [-8.891126402061786, 29.0124999996753], [-8.890277775698735, 29.0124999996753]]], [[[-8.89446528264665, 29.00972222230274], [-8.895833331343113, 29.00972222230274], [-8.895833331343113, 29.0124999996753], [-8.893665211580185, 29.0124999996753], [-8.893689899769015, 29.01244890019666], [-8.893962999592702, 29.01199189980639], [-8.89369849998576, 29.011627900107555], [-8.893330900300782, 29.011263600035193], [-8.893355399631957, 29.010792099875573], [-8.89369849998576, 29.0104492998953], [-8.894188599923893, 29.0103420998081], [-8.894349000306079, 29.009945899883405], [-8.89446528264665, 29.00972222230274]]]]}, "type": "Feature", "properties": {"NAME_0": "Morocco", "NAME_1": "Guelmim - Es-Semara", "NL_NAME_1": "", "ISO": "MAR", "Shape_Area": 6.62077072918e-06, "VARNAME_1": "", "ENGTYPE_1": "Region", "TLegend__M": "150", "TLegend__L": "9Mixed Class", "ID_0": 152, "ID_1": 6, "CCN_1": 0, "HASC_1": "MA.GE", "TLegend__1": "1", "TLegend__3": "0", "TLegend__2": "20049 // 20058", "TLegend__5": "Sparse vegetation", "TLegend__4": "A1A14 // A2A14", "TLegend__7": "Sparse Woody Vegetation\r\n // Herbaceous Sparse Vegetation", "TLegend__6": "", "Shape_Leng": 0.0153749055465, "FID_MAR_ad": 5, "FID_Arable": 55635, "mar_gc_adg": 166645, "TYPE_1": "Region", "CCA_1": "", "mar_gc_a_2": 150, "mar_gc_a_3": "20049 // 20058", "mar_gc_a_1": 159307}}, {"geometry": {"type": "Polygon", "coordinates": [[[-8.895833331343113, 29.00972222230274], [-8.89446528264665, 29.00972222230274], [-8.894735000120136, 29.009203399817125], [-8.894705300009548, 29.00897490007162], [-8.895275300214905, 29.008616499551863], [-8.895691000139493, 29.008315400235574], [-8.895833331343113, 29.00829119588201], [-8.895833331343113, 29.00972222230274]]]}, "type": "Feature", "properties": {"NAME_0": "Morocco", "NAME_1": "Guelmim - Es-Semara", "NL_NAME_1": "", "ISO": "MAR", "Shape_Area": 1.30347297727e-06, "VARNAME_1": "", "ENGTYPE_1": "Region", "TLegend__M": "20", "TLegend__L": "9Mixed Class", "ID_0": 152, "ID_1": 6, "CCN_1": 0, "HASC_1": "MA.GE", "TLegend__1": "1", "TLegend__3": "0", "TLegend__2": "0003 / 0004", "TLegend__5": "Mosaic cropland vegetation", "TLegend__4": "A11 / A12", "TLegend__7": "Cultivated and Managed Terrestrial Area(s)\r\n / Natural And Semi-Natural Primarily Terrestrial Vegetation", "TLegend__6": "", "Shape_Leng": 0.00494521864224, "FID_MAR_ad": 5, "FID_Arable": 55636, "mar_gc_adg": 166651, "TYPE_1": "Region", "CCA_1": "", "mar_gc_a_2": 20, "mar_gc_a_3": "0003 / 0004", "mar_gc_a_1": 159324}}, {"geometry": {"type": "Polygon", "coordinates": [[[-10.534722220354126, 29.00694444403092], [-10.540277775998504, 29.00694444403092], [-10.540277775998504, 29.00902748163304], [-10.540140151846458, 29.00902748163304], [-10.53985977111148, 29.00902748163304], [-10.53985977111148, 29.009166717370135], [-10.53985977111148, 29.00930404654457], [-10.539723396117779, 29.00930404654457], [-10.539582252019272, 29.00930404654457], [-10.539582252019272, 29.00944709810517], [-10.539582252019272, 29.009582519817513], [-10.539308547851135, 29.009582519817513], [-10.539028167116157, 29.009582519817513], [-10.539028167116157, 29.009721756453928], [-10.539028167116157, 29.00972222230274], [-10.534722220354126, 29.00972222230274], [-10.534722220354126, 29.00694444403092]]]}, "type": "Feature", "properties": {"NAME_0": "Morocco", "NAME_1": "Guelmim - Es-Semara", "NL_NAME_1": "", "ISO": "MAR", "Shape_Area": 1.49482379669e-05, "VARNAME_1": "", "ENGTYPE_1": "Region", "TLegend__M": "150", "TLegend__L": "9Mixed Class", "ID_0": 152, "ID_1": 6, "CCN_1": 0, "HASC_1": "MA.GE", "TLegend__1": "1", "TLegend__3": "0", "TLegend__2": "20049 // 20058", "TLegend__5": "Sparse vegetation", "TLegend__4": "A1A14 // A2A14", "TLegend__7": "Sparse Woody Vegetation\r\n // Herbaceous Sparse Vegetation", "TLegend__6": "", "Shape_Leng": 0.0166666678324, "FID_MAR_ad": 5, "FID_Arable": 55637, "mar_gc_adg": 166649, "TYPE_1": "Region", "CCA_1": "", "mar_gc_a_2": 150, "mar_gc_a_3": "20049 // 20058", "mar_gc_a_1": 159440}}, {"geometry": {"type": "Polygon", "coordinates": [[[-10.543055553371062, 28.998611111013986], [-10.54861110901544, 28.998611111013986], [-10.54861110901544, 29.001388889285863], [-10.545833331642882, 29.001388889285863], [-10.545833331642882, 29.004166666658364], [-10.543055553371062, 29.004166666658364], [-10.543055553371062, 28.998611111013986]]]}, "type": "Feature", "properties": {"NAME_0": "Morocco", "NAME_1": "Guelmim - Es-Semara", "NL_NAME_1": "", "ISO": "MAR", "Shape_Area": 2.31481513864e-05, "VARNAME_1": "", "ENGTYPE_1": "Region", "TLegend__M": "150", "TLegend__L": "9Mixed Class", "ID_0": 152, "ID_1": 6, "CCN_1": 0, "HASC_1": "MA.GE", "TLegend__1": "1", "TLegend__3": "0", "TLegend__2": "20049 // 20058", "TLegend__5": "Sparse vegetation", "TLegend__4": "A1A14 // A2A14", "TLegend__7": "Sparse Woody Vegetation\r\n // Herbaceous Sparse Vegetation", "TLegend__6": "", "Shape_Leng": 0.0222222225775, "FID_MAR_ad": 5, "FID_Arable": 55638, "mar_gc_adg": 249991, "TYPE_1": "Region", "CCA_1": "", "mar_gc_a_2": 150, "mar_gc_a_3": "20049 // 20058", "mar_gc_a_1": 159467}}]}