{"type": "FeatureCollection", "features": [{"geometry": {"type": "Polygon", "coordinates": [[[-8.601388886687744, 29.946575942425852], [-8.601388886687744, 29.945833333541543], [-8.609722220603942, 29.945833333541543], [-8.609722220603942, 29.94831297216598], [-8.608776092442668, 29.94828414979372], [-8.601388886687744, 29.946575942425852]]]}, "type": "Feature", "properties": {"NAME_0": "Morocco", "NAME_1": "Guelmim - Es-Semara", "NL_NAME_1": "", "ISO": "MAR", "Shape_Area": 1.41276653764e-05, "VARNAME_1": "", "ENGTYPE_1": "Region", "TLegend__M": "150", "TLegend__L": "9Mixed Class", "ID_0": 152, "ID_1": 6, "CCN_1": 0, "HASC_1": "MA.GE", "TLegend__1": "1", "TLegend__3": "0", "TLegend__2": "20049 // 20058", "TLegend__5": "Sparse vegetation", "TLegend__4": "A1A14 // A2A14", "TLegend__7": "Sparse Woody Vegetation\r\n // Herbaceous Sparse Vegetation", "TLegend__6": "", "Shape_Leng": 0.0200842841668, "FID_MAR_ad": 5, "FID_Arable": 53889, "mar_gc_adg": 247716, "TYPE_1": "Region", "CCA_1": "", "mar_gc_a_2": 150, "mar_gc_a_3": "20049 // 20058", "mar_gc_a_1": 150006}}, {"geometry": {"type": "Polygon", "coordinates": [[[-6.640277775698735, 29.9486111109141], [-6.640277775698735, 29.943055555269723], [-6.643055553970612, 29.943055555269723], [-6.643055553970612, 29.9486111109141], [-6.640277775698735, 29.9486111109141]]]}, "type": "Feature", "properties": {"NAME_0": "Morocco", "NAME_1": "Guelmim - Es-Semara", "NL_NAME_1": "", "ISO": "MAR", "Shape_Area": 1.54321017572e-05, "VARNAME_1": "", "ENGTYPE_1": "Region", "TLegend__M": "150", "TLegend__L": "9Mixed Class", "ID_0": 152, "ID_1": 6, "CCN_1": 0, "HASC_1": "MA.GE", "TLegend__1": "1", "TLegend__3": "0", "TLegend__2": "20049 // 20058", "TLegend__5": "Sparse vegetation", "TLegend__4": "A1A14 // A2A14", "TLegend__7": "Sparse Woody Vegetation\r\n // Herbaceous Sparse Vegetation", "TLegend__6": "", "Shape_Leng": 0.0166666678325, "FID_MAR_ad": 5, "FID_Arable": 53890, "mar_gc_adg": 165146, "TYPE_1": "Region", "CCA_1": "", "mar_gc_a_2": 150, "mar_gc_a_3": "20049 // 20058", "mar_gc_a_1": 149614}}, {"geometry": {"type": "Polygon", "coordinates": [[[-7.543055553970589, 29.943055555269723], [-7.548611109614967, 29.943055555269723], [-7.548611109614967, 29.945833333541543], [-7.543055553970589, 29.945833333541543], [-7.543055553970589, 29.943055555269723]]]}, "type": "Feature", "properties": {"NAME_0": "Morocco", "NAME_1": "Guelmim - Es-Semara", "NL_NAME_1": "", "ISO": "MAR", "Shape_Area": 1.54321017568e-05, "VARNAME_1": "", "ENGTYPE_1": "Region", "TLegend__M": "150", "TLegend__L": "9Mixed Class", "ID_0": 152, "ID_1": 6, "CCN_1": 0, "HASC_1": "MA.GE", "TLegend__1": "1", "TLegend__3": "0", "TLegend__2": "20049 // 20058", "TLegend__5": "Sparse vegetation", "TLegend__4": "A1A14 // A2A14", "TLegend__7": "Sparse Woody Vegetation\r\n // Herbaceous Sparse Vegetation", "TLegend__6": "", "Shape_Leng": 0.0166666678324, "FID_MAR_ad": 5, "FID_Arable": 53892, "mar_gc_adg": 165148, "TYPE_1": "Region", "CCA_1": "", "mar_gc_a_2": 150, "mar_gc_a_3": "20049 // 20058", "mar_gc_a_1": 149837}}, {"geometry": {"type": "Polygon", "coordinates": [[[-7.284722220553988, 29.945833333541543], [-7.284722220553988, 29.943055555269723], [-7.2874999979264885, 29.943055555269723], [-7.290277776198366, 29.943055555269723], [-7.290277776198366, 29.945833333541543], [-7.284722220553988, 29.945833333541543]]]}, "type": "Feature", "properties": {"NAME_0": "Morocco", "NAME_1": "Guelmim - Es-Semara", "NL_NAME_1": "", "ISO": "MAR", "Shape_Area": 1.54321017568e-05, "VARNAME_1": "", "ENGTYPE_1": "Region", "TLegend__M": "150", "TLegend__L": "9Mixed Class", "ID_0": 152, "ID_1": 6, "CCN_1": 0, "HASC_1": "MA.GE", "TLegend__1": "1", "TLegend__3": "0", "TLegend__2": "20049 // 20058", "TLegend__5": "Sparse vegetation", "TLegend__4": "A1A14 // A2A14", "TLegend__7": "Sparse Woody Vegetation\r\n // Herbaceous Sparse Vegetation", "TLegend__6": "", "Shape_Leng": 0.0166666678324, "FID_MAR_ad": 5, "FID_Arable": 53896, "mar_gc_adg": 165148, "TYPE_1": "Region", "CCA_1": "", "mar_gc_a_2": 150, "mar_gc_a_3": "20049 // 20058", "mar_gc_a_1": 149785}}, {"geometry": {"type": "Polygon", "coordinates": [[[-6.659722220004426, 29.937499999625345], [-6.662499998276246, 29.937499999625345], [-6.662499998276246, 29.943055555269723], [-6.659722220004426, 29.943055555269723], [-6.659722220004426, 29.937499999625345]]]}, "type": "Feature", "properties": {"NAME_0": "Morocco", "NAME_1": "Guelmim - Es-Semara", "NL_NAME_1": "", "ISO": "MAR", "Shape_Area": 1.54321017568e-05, "VARNAME_1": "", "ENGTYPE_1": "Region", "TLegend__M": "150", "TLegend__L": "9Mixed Class", "ID_0": 152, "ID_1": 6, "CCN_1": 0, "HASC_1": "MA.GE", "TLegend__1": "1", "TLegend__3": "0", "TLegend__2": "20049 // 20058", "TLegend__5": "Sparse vegetation", "TLegend__4": "A1A14 // A2A14", "TLegend__7": "Sparse Woody Vegetation\r\n // Herbaceous Sparse Vegetation", "TLegend__6": "", "Shape_Leng": 0.0166666678324, "FID_MAR_ad": 5, "FID_Arable": 53897, "mar_gc_adg": 165155, "TYPE_1": "Region", "CCA_1": "", "mar_gc_a_2": 150, "mar_gc_a_3": "20049 // 20058", "mar_gc_a_1": 149696}}]}