{"type": "FeatureCollection", "features": [{"geometry": {"type": "Polygon", "coordinates": [[[-9.026388886737664, 29.393055555469573], [-9.02916666500954, 29.393055555469573], [-9.02916666500954, 29.40138888848645], [-9.026388886737664, 29.40138888848645], [-9.026388886737664, 29.393055555469573]]]}, "type": "Feature", "properties": {"NAME_0": "Morocco", "NAME_1": "Guelmim - Es-Semara", "NL_NAME_1": "", "ISO": "MAR", "Shape_Area": 2.31481513866e-05, "VARNAME_1": "", "ENGTYPE_1": "Region", "TLegend__M": "150", "TLegend__L": "9Mixed Class", "ID_0": 152, "ID_1": 6, "CCN_1": 0, "HASC_1": "MA.GE", "TLegend__1": "1", "TLegend__3": "0", "TLegend__2": "20049 // 20058", "TLegend__5": "Sparse vegetation", "TLegend__4": "A1A14 // A2A14", "TLegend__7": "Sparse Woody Vegetation\r\n // Herbaceous Sparse Vegetation", "TLegend__6": "", "Shape_Leng": 0.0222222225775, "FID_MAR_ad": 5, "FID_Arable": 55143, "mar_gc_adg": 249046, "TYPE_1": "Region", "CCA_1": "", "mar_gc_a_2": 150, "mar_gc_a_3": "20049 // 20058", "mar_gc_a_1": 156378}}, {"geometry": {"type": "Polygon", "coordinates": [[[-7.540277775698769, 29.390277778097015], [-7.548611109614967, 29.390277778097015], [-7.548611109614967, 29.393055555469573], [-7.540277775698769, 29.393055555469573], [-7.540277775698769, 29.390277778097015]]]}, "type": "Feature", "properties": {"NAME_0": "Morocco", "NAME_1": "Guelmim - Es-Semara", "NL_NAME_1": "", "ISO": "MAR", "Shape_Area": 2.31481463904e-05, "VARNAME_1": "", "ENGTYPE_1": "Region", "TLegend__M": "150", "TLegend__L": "9Mixed Class", "ID_0": 152, "ID_1": 6, "CCN_1": 0, "HASC_1": "MA.GE", "TLegend__1": "1", "TLegend__3": "0", "TLegend__2": "20049 // 20058", "TLegend__5": "Sparse vegetation", "TLegend__4": "A1A14 // A2A14", "TLegend__7": "Sparse Woody Vegetation\r\n // Herbaceous Sparse Vegetation", "TLegend__6": "", "Shape_Leng": 0.0222222225775, "FID_MAR_ad": 5, "FID_Arable": 55165, "mar_gc_adg": 249060, "TYPE_1": "Region", "CCA_1": "", "mar_gc_a_2": 150, "mar_gc_a_3": "20049 // 20058", "mar_gc_a_1": 156256}}, {"geometry": {"type": "Polygon", "coordinates": [[[-7.659722220703884, 29.387499999825195], [-7.665277776348262, 29.387499999825195], [-7.665277776348262, 29.390277778097015], [-7.662499998076385, 29.390277778097015], [-7.659722220703884, 29.390277778097015], [-7.659722220703884, 29.387499999825195]]]}, "type": "Feature", "properties": {"NAME_0": "Morocco", "NAME_1": "Guelmim - Es-Semara", "NL_NAME_1": "", "ISO": "MAR", "Shape_Area": 1.54321017568e-05, "VARNAME_1": "", "ENGTYPE_1": "Region", "TLegend__M": "20", "TLegend__L": "9Mixed Class", "ID_0": 152, "ID_1": 6, "CCN_1": 0, "HASC_1": "MA.GE", "TLegend__1": "1", "TLegend__3": "0", "TLegend__2": "0003 / 0004", "TLegend__5": "Mosaic cropland vegetation", "TLegend__4": "A11 / A12", "TLegend__7": "Cultivated and Managed Terrestrial Area(s)\r\n / Natural And Semi-Natural Primarily Terrestrial Vegetation", "TLegend__6": "", "Shape_Leng": 0.0166666678324, "FID_MAR_ad": 5, "FID_Arable": 55166, "mar_gc_adg": 166044, "TYPE_1": "Region", "CCA_1": "", "mar_gc_a_2": 20, "mar_gc_a_3": "0003 / 0004", "mar_gc_a_1": 156301}}, {"geometry": {"type": "Polygon", "coordinates": [[[-8.201388887487099, 29.362499999875126], [-8.206944442232157, 29.362499999875126], [-8.206944442232157, 29.365277778147004], [-8.201388887487099, 29.365277778147004], [-8.201388887487099, 29.362499999875126]]]}, "type": "Feature", "properties": {"NAME_0": "Morocco", "NAME_1": "Guelmim - Es-Semara", "NL_NAME_1": "", "ISO": "MAR", "Shape_Area": 1.5432099259e-05, "VARNAME_1": "", "ENGTYPE_1": "Region", "TLegend__M": "150", "TLegend__L": "9Mixed Class", "ID_0": 152, "ID_1": 6, "CCN_1": 0, "HASC_1": "MA.GE", "TLegend__1": "1", "TLegend__3": "0", "TLegend__2": "20049 // 20058", "TLegend__5": "Sparse vegetation", "TLegend__4": "A1A14 // A2A14", "TLegend__7": "Sparse Woody Vegetation\r\n // Herbaceous Sparse Vegetation", "TLegend__6": "", "Shape_Leng": 0.0166666660339, "FID_MAR_ad": 5, "FID_Arable": 55200, "mar_gc_adg": 166084, "TYPE_1": "Region", "CCA_1": "", "mar_gc_a_2": 150, "mar_gc_a_3": "20049 // 20058", "mar_gc_a_1": 156596}}, {"geometry": {"type": "Polygon", "coordinates": [[[-7.690277776298274, 29.354166666858248], [-7.6958333319426515, 29.354166666858248], [-7.6958333319426515, 29.359722222502626], [-7.693055553670831, 29.359722222502626], [-7.693055553670831, 29.362499999875126], [-7.690277776298274, 29.362499999875126], [-7.690277776298274, 29.365277778147004], [-7.687499998026453, 29.365277778147004], [-7.687499998026453, 29.362499999875126], [-7.687499998026453, 29.359722222502626], [-7.687499998026453, 29.35694444423075], [-7.690277776298274, 29.35694444423075], [-7.690277776298274, 29.354166666858248]]]}, "type": "Feature", "properties": {"NAME_0": "Morocco", "NAME_1": "Guelmim - Es-Semara", "NL_NAME_1": "", "ISO": "MAR", "Shape_Area": 6.17283995335e-05, "VARNAME_1": "", "ENGTYPE_1": "Region", "TLegend__M": "20", "TLegend__L": "9Mixed Class", "ID_0": 152, "ID_1": 6, "CCN_1": 0, "HASC_1": "MA.GE", "TLegend__1": "1", "TLegend__3": "0", "TLegend__2": "0003 / 0004", "TLegend__5": "Mosaic cropland vegetation", "TLegend__4": "A11 / A12", "TLegend__7": "Cultivated and Managed Terrestrial Area(s)\r\n / Natural And Semi-Natural Primarily Terrestrial Vegetation", "TLegend__6": "", "Shape_Leng": 0.0388888904099, "FID_MAR_ad": 5, "FID_Arable": 55204, "mar_gc_adg": 664368, "TYPE_1": "Region", "CCA_1": "", "mar_gc_a_2": 20, "mar_gc_a_3": "0003 / 0004", "mar_gc_a_1": 156536}}]}