{"type": "FeatureCollection", "features": [{"geometry": {"type": "MultiPolygon", "coordinates": [[[[-6.270766254359103, 34.93472222215286], [-6.2708333311932165, 34.93472222215286], [-6.2708333311932165, 34.940277777797235], [-6.268055553820716, 34.940277777797235], [-6.268055553820716, 34.94305555516979], [-6.265653193939727, 34.94305555516979], [-6.265318399724322, 34.9420079996695], [-6.267335400108607, 34.93972129979818], [-6.269351400446737, 34.93783999991609], [-6.270037999554006, 34.93576429988258], [-6.270766254359103, 34.93472222215286]]], [[[-6.265277775548839, 34.937500000424734], [-6.26641013981606, 34.937500000424734], [-6.265277775548839, 34.93898725245981], [-6.265277775548839, 34.937500000424734]]]]}, "type": "Feature", "properties": {"NAME_0": "Morocco", "NAME_1": "Gharb - Chrarda - B\u00e9ni Hssen", "NL_NAME_1": "", "ISO": "MAR", "Shape_Area": 1.65298151278e-05, "VARNAME_1": "", "ENGTYPE_1": "Region", "TLegend__M": "150", "TLegend__L": "9Mixed Class", "ID_0": 152, "ID_1": 4, "CCN_1": 0, "HASC_1": "MA.GB", "TLegend__1": "1", "TLegend__3": "0", "TLegend__2": "20049 // 20058", "TLegend__5": "Sparse vegetation", "TLegend__4": "A1A14 // A2A14", "TLegend__7": "Sparse Woody Vegetation\r\n // Herbaceous Sparse Vegetation", "TLegend__6": "", "Shape_Leng": 0.028433425067, "FID_MAR_ad": 3, "FID_Arable": 4606, "mar_gc_adg": 312808, "TYPE_1": "Region", "CCA_1": "", "mar_gc_a_2": 150, "mar_gc_a_3": "20049 // 20058", "mar_gc_a_1": 12331}}, {"geometry": {"type": "Polygon", "coordinates": [[[-6.198611109614944, 34.93472222215286], [-6.201388886987502, 34.93472222215286], [-6.201388886987502, 34.940277777797235], [-6.198611109614944, 34.940277777797235], [-6.198611109614944, 34.93472222215286]]]}, "type": "Feature", "properties": {"NAME_0": "Morocco", "NAME_1": "Gharb - Chrarda - B\u00e9ni Hssen", "NL_NAME_1": "", "ISO": "MAR", "Shape_Area": 1.54320967609e-05, "VARNAME_1": "", "ENGTYPE_1": "Region", "TLegend__M": "20", "TLegend__L": "9Mixed Class", "ID_0": 152, "ID_1": 4, "CCN_1": 0, "HASC_1": "MA.GB", "TLegend__1": "1", "TLegend__3": "0", "TLegend__2": "0003 / 0004", "TLegend__5": "Mosaic cropland vegetation", "TLegend__4": "A11 / A12", "TLegend__7": "Cultivated and Managed Terrestrial Area(s)\r\n / Natural And Semi-Natural Primarily Terrestrial Vegetation", "TLegend__6": "", "Shape_Leng": 0.0166666660339, "FID_MAR_ad": 3, "FID_Arable": 4624, "mar_gc_adg": 156407, "TYPE_1": "Region", "CCA_1": "", "mar_gc_a_2": 20, "mar_gc_a_3": "0003 / 0004", "mar_gc_a_1": 12366}}, {"geometry": {"type": "Polygon", "coordinates": [[[-6.123611108865532, 34.940277777797235], [-6.118055554120474, 34.940277777797235], [-6.118055554120474, 34.937500000424734], [-6.115277775848654, 34.937500000424734], [-6.115277775848654, 34.93472222215286], [-6.112499998476096, 34.93472222215286], [-6.112499998476096, 34.931944444780356], [-6.109722220204276, 34.931944444780356], [-6.109722220204276, 34.9236111108641], [-6.115277775848654, 34.9236111108641], [-6.115277775848654, 34.92916666650848], [-6.118055554120474, 34.92916666650848], [-6.118055554120474, 34.931944444780356], [-6.120833331493031, 34.931944444780356], [-6.120833331493031, 34.937500000424734], [-6.123611108865532, 34.937500000424734], [-6.123611108865532, 34.940277777797235]]]}, "type": "Feature", "properties": {"NAME_0": "Morocco", "NAME_1": "Gharb - Chrarda - B\u00e9ni Hssen", "NL_NAME_1": "", "ISO": "MAR", "Shape_Area": 0.000108024692314, "VARNAME_1": "", "ENGTYPE_1": "Region", "TLegend__M": "20", "TLegend__L": "9Mixed Class", "ID_0": 152, "ID_1": 4, "CCN_1": 0, "HASC_1": "MA.GB", "TLegend__1": "1", "TLegend__3": "0", "TLegend__2": "0003 / 0004", "TLegend__5": "Mosaic cropland vegetation", "TLegend__4": "A11 / A12", "TLegend__7": "Cultivated and Managed Terrestrial Area(s)\r\n / Natural And Semi-Natural Primarily Terrestrial Vegetation", "TLegend__6": "", "Shape_Leng": 0.0611111111888, "FID_MAR_ad": 3, "FID_Arable": 4629, "mar_gc_adg": 1094919, "TYPE_1": "Region", "CCA_1": "", "mar_gc_a_2": 20, "mar_gc_a_3": "0003 / 0004", "mar_gc_a_1": 12345}}, {"geometry": {"type": "Polygon", "coordinates": [[[-5.940277776198343, 34.93472222215286], [-5.940277776198343, 34.93455525582044], [-5.940666536031756, 34.93472222215286], [-5.940277776198343, 34.93472222215286]]]}, "type": "Feature", "properties": {"NAME_0": "Morocco", "NAME_1": "Gharb - Chrarda - B\u00e9ni Hssen", "NL_NAME_1": "", "ISO": "MAR", "Shape_Area": 3.24549017876e-08, "VARNAME_1": "", "ENGTYPE_1": "Region", "TLegend__M": "20", "TLegend__L": "9Mixed Class", "ID_0": 152, "ID_1": 4, "CCN_1": 0, "HASC_1": "MA.GB", "TLegend__1": "1", "TLegend__3": "0", "TLegend__2": "0003 / 0004", "TLegend__5": "Mosaic cropland vegetation", "TLegend__4": "A11 / A12", "TLegend__7": "Cultivated and Managed Terrestrial Area(s)\r\n / Natural And Semi-Natural Primarily Terrestrial Vegetation", "TLegend__6": "", "Shape_Leng": 0.000978824220935, "FID_MAR_ad": 3, "FID_Arable": 4642, "mar_gc_adg": 234619, "TYPE_1": "Region", "CCA_1": "", "mar_gc_a_2": 20, "mar_gc_a_3": "0003 / 0004", "mar_gc_a_1": 12349}}, {"geometry": {"type": "Polygon", "coordinates": [[[-6.131944442781787, 34.931944444780356], [-6.143055554070543, 34.931944444780356], [-6.143055554070543, 34.93472222215286], [-6.131944442781787, 34.93472222215286], [-6.131944442781787, 34.931944444780356]]]}, "type": "Feature", "properties": {"NAME_0": "Morocco", "NAME_1": "Gharb - Chrarda - B\u00e9ni Hssen", "NL_NAME_1": "", "ISO": "MAR", "Shape_Area": 3.08641935212e-05, "VARNAME_1": "", "ENGTYPE_1": "Region", "TLegend__M": "20", "TLegend__L": "9Mixed Class", "ID_0": 152, "ID_1": 4, "CCN_1": 0, "HASC_1": "MA.GB", "TLegend__1": "1", "TLegend__3": "0", "TLegend__2": "0003 / 0004", "TLegend__5": "Mosaic cropland vegetation", "TLegend__4": "A11 / A12", "TLegend__7": "Cultivated and Managed Terrestrial Area(s)\r\n / Natural And Semi-Natural Primarily Terrestrial Vegetation", "TLegend__6": "", "Shape_Leng": 0.0277777773225, "FID_MAR_ad": 3, "FID_Arable": 4666, "mar_gc_adg": 312829, "TYPE_1": "Region", "CCA_1": "", "mar_gc_a_2": 20, "mar_gc_a_3": "0003 / 0004", "mar_gc_a_1": 12505}}, {"geometry": {"type": "Polygon", "coordinates": [[[-6.195833331343124, 34.93472222215286], [-6.190277775698746, 34.93472222215286], [-6.190277775698746, 34.931944444780356], [-6.195833331343124, 34.931944444780356], [-6.195833331343124, 34.93472222215286]]]}, "type": "Feature", "properties": {"NAME_0": "Morocco", "NAME_1": "Gharb - Chrarda - B\u00e9ni Hssen", "NL_NAME_1": "", "ISO": "MAR", "Shape_Area": 1.54320967606e-05, "VARNAME_1": "", "ENGTYPE_1": "Region", "TLegend__M": "20", "TLegend__L": "9Mixed Class", "ID_0": 152, "ID_1": 4, "CCN_1": 0, "HASC_1": "MA.GB", "TLegend__1": "1", "TLegend__3": "0", "TLegend__2": "0003 / 0004", "TLegend__5": "Mosaic cropland vegetation", "TLegend__4": "A11 / A12", "TLegend__7": "Cultivated and Managed Terrestrial Area(s)\r\n / Natural And Semi-Natural Primarily Terrestrial Vegetation", "TLegend__6": "", "Shape_Leng": 0.0166666660338, "FID_MAR_ad": 3, "FID_Arable": 4674, "mar_gc_adg": 156414, "TYPE_1": "Region", "CCA_1": "", "mar_gc_a_2": 20, "mar_gc_a_3": "0003 / 0004", "mar_gc_a_1": 12528}}, {"geometry": {"type": "Polygon", "coordinates": [[[-6.20972222000438, 34.92638888913598], [-6.20972222000438, 34.93472222215286], [-6.20694444263188, 34.93472222215286], [-6.20694444263188, 34.92638888913598], [-6.20972222000438, 34.92638888913598]]]}, "type": "Feature", "properties": {"NAME_0": "Morocco", "NAME_1": "Gharb - Chrarda - B\u00e9ni Hssen", "NL_NAME_1": "", "ISO": "MAR", "Shape_Area": 2.31481438918e-05, "VARNAME_1": "", "ENGTYPE_1": "Region", "TLegend__M": "20", "TLegend__L": "9Mixed Class", "ID_0": 152, "ID_1": 4, "CCN_1": 0, "HASC_1": "MA.GB", "TLegend__1": "1", "TLegend__3": "0", "TLegend__2": "0003 / 0004", "TLegend__5": "Mosaic cropland vegetation", "TLegend__4": "A11 / A12", "TLegend__7": "Cultivated and Managed Terrestrial Area(s)\r\n / Natural And Semi-Natural Primarily Terrestrial Vegetation", "TLegend__6": "", "Shape_Leng": 0.0222222207788, "FID_MAR_ad": 3, "FID_Arable": 4676, "mar_gc_adg": 234630, "TYPE_1": "Region", "CCA_1": "", "mar_gc_a_2": 20, "mar_gc_a_3": "0003 / 0004", "mar_gc_a_1": 12540}}, {"geometry": {"type": "Polygon", "coordinates": [[[-6.084722220254207, 34.931944444780356], [-6.090277775898585, 34.931944444780356], [-6.090277775898585, 34.93472222215286], [-6.084722220254207, 34.93472222215286], [-6.084722220254207, 34.931944444780356]]]}, "type": "Feature", "properties": {"NAME_0": "Morocco", "NAME_1": "Gharb - Chrarda - B\u00e9ni Hssen", "NL_NAME_1": "", "ISO": "MAR", "Shape_Area": 1.54320967606e-05, "VARNAME_1": "", "ENGTYPE_1": "Region", "TLegend__M": "20", "TLegend__L": "9Mixed Class", "ID_0": 152, "ID_1": 4, "CCN_1": 0, "HASC_1": "MA.GB", "TLegend__1": "1", "TLegend__3": "0", "TLegend__2": "0003 / 0004", "TLegend__5": "Mosaic cropland vegetation", "TLegend__4": "A11 / A12", "TLegend__7": "Cultivated and Managed Terrestrial Area(s)\r\n / Natural And Semi-Natural Primarily Terrestrial Vegetation", "TLegend__6": "", "Shape_Leng": 0.0166666660338, "FID_MAR_ad": 3, "FID_Arable": 4687, "mar_gc_adg": 156414, "TYPE_1": "Region", "CCA_1": "", "mar_gc_a_2": 20, "mar_gc_a_3": "0003 / 0004", "mar_gc_a_1": 12482}}, {"geometry": {"type": "MultiPolygon", "coordinates": [[[[-6.265047845881327, 34.92638888913598], [-6.265277775548839, 34.9260786077416], [-6.265277775548839, 34.92638888913598], [-6.265047845881327, 34.92638888913598]]], [[[-6.263274026674935, 34.91527777784722], [-6.265277775548839, 34.91527777784722], [-6.265277775548839, 34.916940723235825], [-6.262763899734125, 34.916376000252285], [-6.263274026674935, 34.91527777784722]]]]}, "type": "Feature", "properties": {"NAME_0": "Morocco", "NAME_1": "Gharb - Chrarda - B\u00e9ni Hssen", "NL_NAME_1": "", "ISO": "MAR", "Shape_Area": 3.22617149944e-06, "VARNAME_1": "", "ENGTYPE_1": "Region", "TLegend__M": "20", "TLegend__L": "9Mixed Class", "ID_0": 152, "ID_1": 4, "CCN_1": 0, "HASC_1": "MA.GB", "TLegend__1": "1", "TLegend__3": "0", "TLegend__2": "0003 / 0004", "TLegend__5": "Mosaic cropland vegetation", "TLegend__4": "A11 / A12", "TLegend__7": "Cultivated and Managed Terrestrial Area(s)\r\n / Natural And Semi-Natural Primarily Terrestrial Vegetation", "TLegend__6": "", "Shape_Leng": 0.00838053796385, "FID_MAR_ad": 3, "FID_Arable": 4688, "mar_gc_adg": 1173218, "TYPE_1": "Region", "CCA_1": "", "mar_gc_a_2": 20, "mar_gc_a_3": "0003 / 0004", "mar_gc_a_1": 12559}}, {"geometry": {"type": "Polygon", "coordinates": [[[-6.040277775998504, 34.92916666650848], [-6.0486111090154395, 34.92916666650848], [-6.0486111090154395, 34.931944444780356], [-6.040277775998504, 34.931944444780356], [-6.040277775998504, 34.92916666650848]]]}, "type": "Feature", "properties": {"NAME_0": "Morocco", "NAME_1": "Gharb - Chrarda - B\u00e9ni Hssen", "NL_NAME_1": "", "ISO": "MAR", "Shape_Area": 2.31481513868e-05, "VARNAME_1": "", "ENGTYPE_1": "Region", "TLegend__M": "14 - 15", "TLegend__L": "Error", "ID_0": 152, "ID_1": 4, "CCN_1": 0, "HASC_1": "MA.GB", "TLegend__1": "1", "TLegend__3": "0", "TLegend__2": "11498", "TLegend__5": "Rainfed cropland", "TLegend__4": "A3XXXXXXD1", "TLegend__7": "Rainfed Herbaceous Crop(s)", "TLegend__6": "", "Shape_Leng": 0.0222222225776, "FID_MAR_ad": 3, "FID_Arable": 4697, "mar_gc_adg": 234630, "TYPE_1": "Region", "CCA_1": "", "mar_gc_a_2": 14, "mar_gc_a_3": "11498", "mar_gc_a_1": 12545}}, {"geometry": {"type": "Polygon", "coordinates": [[[-5.781944442581903, 34.89861111091409], [-5.787499998226281, 34.89861111091409], [-5.787499998226281, 34.90138888918597], [-5.790277775598838, 34.90138888918597], [-5.790277775598838, 34.90416666655847], [-5.7930555538706585, 34.90416666655847], [-5.7930555538706585, 34.906944444830344], [-5.801388886887594, 34.906944444830344], [-5.806944442531972, 34.906944444830344], [-5.806944442531972, 34.909722222202845], [-5.795833331243216, 34.909722222202845], [-5.795833331243216, 34.912499999575346], [-5.7930555538706585, 34.912499999575346], [-5.7930555538706585, 34.91410413559743], [-5.781944442581903, 34.91512350454616], [-5.781944442581903, 34.912499999575346], [-5.779166665209402, 34.912499999575346], [-5.779166665209402, 34.91527777784722], [-5.776388886937525, 34.91527777784722], [-5.776388886937525, 34.909722222202845], [-5.779166665209402, 34.909722222202845], [-5.779166665209402, 34.90138888918597], [-5.781944442581903, 34.90138888918597], [-5.781944442581903, 34.89861111091409]], [[-5.781944442581903, 34.906944444830344], [-5.781944442581903, 34.909722222202845], [-5.790277775598838, 34.909722222202845], [-5.790277775598838, 34.906944444830344], [-5.781944442581903, 34.906944444830344]]]}, "type": "Feature", "properties": {"NAME_0": "Morocco", "NAME_1": "Gharb - Chrarda - B\u00e9ni Hssen", "NL_NAME_1": "", "ISO": "MAR", "Shape_Area": 0.000224104167658, "VARNAME_1": "", "ENGTYPE_1": "Region", "TLegend__M": "20", "TLegend__L": "9Mixed Class", "ID_0": 152, "ID_1": 4, "CCN_1": 0, "HASC_1": "MA.GB", "TLegend__1": "1", "TLegend__3": "0", "TLegend__2": "0003 / 0004", "TLegend__5": "Mosaic cropland vegetation", "TLegend__4": "A11 / A12", "TLegend__7": "Cultivated and Managed Terrestrial Area(s)\r\n / Natural And Semi-Natural Primarily Terrestrial Vegetation", "TLegend__6": "", "Shape_Leng": 0.120940968933, "FID_MAR_ad": 3, "FID_Arable": 4699, "mar_gc_adg": 3520194, "TYPE_1": "Region", "CCA_1": "", "mar_gc_a_2": 20, "mar_gc_a_3": "0003 / 0004", "mar_gc_a_1": 12445}}, {"geometry": {"type": "Polygon", "coordinates": [[[-5.930096099855064, 34.92746869972075], [-5.931944442282145, 34.927355058689045], [-5.931944442282145, 34.92750725635483], [-5.9309329001332, 34.92758299995552], [-5.929473799576158, 34.927838099848486], [-5.926855999904433, 34.92891119969215], [-5.92639138405508, 34.92916666650848], [-5.926388886637767, 34.92916666650848], [-5.926388886637767, 34.929014336642354], [-5.927955699895563, 34.92821849958415], [-5.930096099855064, 34.92746869972075]]]}, "type": "Feature", "properties": {"NAME_0": "Morocco", "NAME_1": "Gharb - Chrarda - B\u00e9ni Hssen", "NL_NAME_1": "", "ISO": "MAR", "Shape_Area": 1.0399134843e-06, "VARNAME_1": "", "ENGTYPE_1": "Region", "TLegend__M": "20", "TLegend__L": "9Mixed Class", "ID_0": 152, "ID_1": 4, "CCN_1": 0, "HASC_1": "MA.GB", "TLegend__1": "1", "TLegend__3": "0", "TLegend__2": "0003 / 0004", "TLegend__5": "Mosaic cropland vegetation", "TLegend__4": "A11 / A12", "TLegend__7": "Cultivated and Managed Terrestrial Area(s)\r\n / Natural And Semi-Natural Primarily Terrestrial Vegetation", "TLegend__6": "", "Shape_Leng": 0.012039166303, "FID_MAR_ad": 3, "FID_Arable": 4716, "mar_gc_adg": 156425, "TYPE_1": "Region", "CCA_1": "", "mar_gc_a_2": 20, "mar_gc_a_3": "0003 / 0004", "mar_gc_a_1": 12594}}, {"geometry": {"type": "Polygon", "coordinates": [[[-6.123611108865532, 34.92638888913598], [-6.12916666450991, 34.92638888913598], [-6.12916666450991, 34.92916666650848], [-6.123611108865532, 34.92916666650848], [-6.123611108865532, 34.92638888913598]]]}, "type": "Feature", "properties": {"NAME_0": "Morocco", "NAME_1": "Gharb - Chrarda - B\u00e9ni Hssen", "NL_NAME_1": "", "ISO": "MAR", "Shape_Area": 1.54320967606e-05, "VARNAME_1": "", "ENGTYPE_1": "Region", "TLegend__M": "14 - 15", "TLegend__L": "Error", "ID_0": 152, "ID_1": 4, "CCN_1": 0, "HASC_1": "MA.GB", "TLegend__1": "1", "TLegend__3": "0", "TLegend__2": "11498", "TLegend__5": "Rainfed cropland", "TLegend__4": "A3XXXXXXD1", "TLegend__7": "Rainfed Herbaceous Crop(s)", "TLegend__6": "", "Shape_Leng": 0.0166666660338, "FID_MAR_ad": 3, "FID_Arable": 4732, "mar_gc_adg": 156425, "TYPE_1": "Region", "CCA_1": "", "mar_gc_a_2": 14, "mar_gc_a_3": "11498", "mar_gc_a_1": 12682}}, {"geometry": {"type": "Polygon", "coordinates": [[[-6.118055554120474, 34.912499999575346], [-6.118055554120474, 34.90138888918597], [-6.120833331493031, 34.90138888918597], [-6.120833331493031, 34.909722222202845], [-6.123611108865532, 34.909722222202845], [-6.123611108865532, 34.91805555521972], [-6.12916666450991, 34.91805555521972], [-6.12916666450991, 34.912499999575346], [-6.134722220154288, 34.912499999575346], [-6.134722220154288, 34.909722222202845], [-6.131944442781787, 34.909722222202845], [-6.131944442781787, 34.906944444830344], [-6.134722220154288, 34.906944444830344], [-6.134722220154288, 34.89305555526971], [-6.1402777757986655, 34.89305555526971], [-6.1402777757986655, 34.89027777789721], [-6.143055554070543, 34.89027777789721], [-6.143055554070543, 34.887499999625334], [-6.145833331443043, 34.887499999625334], [-6.145833331443043, 34.89027777789721], [-6.151388887087421, 34.89027777789721], [-6.151388887087421, 34.89305555526971], [-6.154166664459922, 34.89305555526971], [-6.154166664459922, 34.89861111091409], [-6.156944442731799, 34.89861111091409], [-6.156944442731799, 34.90416666655847], [-6.1597222201043, 34.90416666655847], [-6.1597222201043, 34.909722222202845], [-6.156944442731799, 34.909722222202845], [-6.156944442731799, 34.906944444830344], [-6.154166664459922, 34.906944444830344], [-6.154166664459922, 34.90416666655847], [-6.1486111097149205, 34.90416666655847], [-6.1486111097149205, 34.89583333354159], [-6.145833331443043, 34.89583333354159], [-6.145833331443043, 34.89305555526971], [-6.143055554070543, 34.89305555526971], [-6.143055554070543, 34.89583333354159], [-6.1402777757986655, 34.89583333354159], [-6.1402777757986655, 34.89861111091409], [-6.137499998426165, 34.89861111091409], [-6.137499998426165, 34.90138888918597], [-6.145833331443043, 34.90138888918597], [-6.145833331443043, 34.90416666655847], [-6.143055554070543, 34.90416666655847], [-6.143055554070543, 34.906944444830344], [-6.1402777757986655, 34.906944444830344], [-6.1402777757986655, 34.912499999575346], [-6.143055554070543, 34.912499999575346], [-6.143055554070543, 34.91527777784722], [-6.137499998426165, 34.91527777784722], [-6.137499998426165, 34.9236111108641], [-6.134722220154288, 34.9236111108641], [-6.134722220154288, 34.9208333334916], [-6.126388887137409, 34.9208333334916], [-6.126388887137409, 34.9236111108641], [-6.12916666450991, 34.9236111108641], [-6.12916666450991, 34.92638888913598], [-6.123611108865532, 34.92638888913598], [-6.123611108865532, 34.9236111108641], [-6.118055554120474, 34.9236111108641], [-6.118055554120474, 34.9208333334916], [-6.120833331493031, 34.9208333334916], [-6.120833331493031, 34.912499999575346], [-6.118055554120474, 34.912499999575346]]]}, "type": "Feature", "properties": {"NAME_0": "Morocco", "NAME_1": "Gharb - Chrarda - B\u00e9ni Hssen", "NL_NAME_1": "", "ISO": "MAR", "Shape_Area": 0.000493827161296, "VARNAME_1": "", "ENGTYPE_1": "Region", "TLegend__M": "20", "TLegend__L": "9Mixed Class", "ID_0": 152, "ID_1": 4, "CCN_1": 0, "HASC_1": "MA.GB", "TLegend__1": "1", "TLegend__3": "0", "TLegend__2": "0003 / 0004", "TLegend__5": "Mosaic cropland vegetation", "TLegend__4": "A11 / A12", "TLegend__7": "Cultivated and Managed Terrestrial Area(s)\r\n / Natural And Semi-Natural Primarily Terrestrial Vegetation", "TLegend__6": "", "Shape_Leng": 0.27222221848, "FID_MAR_ad": 3, "FID_Arable": 4745, "mar_gc_adg": 5006831, "TYPE_1": "Region", "CCA_1": "", "mar_gc_a_2": 20, "mar_gc_a_3": "0003 / 0004", "mar_gc_a_1": 12775}}, {"geometry": {"type": "Polygon", "coordinates": [[[-6.037499997726684, 34.9208333334916], [-6.040277775998504, 34.9208333334916], [-6.040277775998504, 34.9236111108641], [-6.045833331642882, 34.9236111108641], [-6.045833331642882, 34.92638888913598], [-6.034722220354126, 34.92638888913598], [-6.034722220354126, 34.9236111108641], [-6.037499997726684, 34.9236111108641], [-6.037499997726684, 34.9208333334916]]]}, "type": "Feature", "properties": {"NAME_0": "Morocco", "NAME_1": "Gharb - Chrarda - B\u00e9ni Hssen", "NL_NAME_1": "", "ISO": "MAR", "Shape_Area": 3.85802531436e-05, "VARNAME_1": "", "ENGTYPE_1": "Region", "TLegend__M": "20", "TLegend__L": "9Mixed Class", "ID_0": 152, "ID_1": 4, "CCN_1": 0, "HASC_1": "MA.GB", "TLegend__1": "1", "TLegend__3": "0", "TLegend__2": "0003 / 0004", "TLegend__5": "Mosaic cropland vegetation", "TLegend__4": "A11 / A12", "TLegend__7": "Cultivated and Managed Terrestrial Area(s)\r\n / Natural And Semi-Natural Primarily Terrestrial Vegetation", "TLegend__6": "", "Shape_Leng": 0.0333333338663, "FID_MAR_ad": 3, "FID_Arable": 4748, "mar_gc_adg": 391077, "TYPE_1": "Region", "CCA_1": "", "mar_gc_a_2": 20, "mar_gc_a_3": "0003 / 0004", "mar_gc_a_1": 12725}}, {"geometry": {"type": "Polygon", "coordinates": [[[-6.0624999985760155, 34.9208333334916], [-6.065277775948573, 34.9208333334916], [-6.065277775948573, 34.92638888913598], [-6.0624999985760155, 34.92638888913598], [-6.0624999985760155, 34.9208333334916]]]}, "type": "Feature", "properties": {"NAME_0": "Morocco", "NAME_1": "Gharb - Chrarda - B\u00e9ni Hssen", "NL_NAME_1": "", "ISO": "MAR", "Shape_Area": 1.54320967609e-05, "VARNAME_1": "", "ENGTYPE_1": "Region", "TLegend__M": "20", "TLegend__L": "9Mixed Class", "ID_0": 152, "ID_1": 4, "CCN_1": 0, "HASC_1": "MA.GB", "TLegend__1": "1", "TLegend__3": "0", "TLegend__2": "0003 / 0004", "TLegend__5": "Mosaic cropland vegetation", "TLegend__4": "A11 / A12", "TLegend__7": "Cultivated and Managed Terrestrial Area(s)\r\n / Natural And Semi-Natural Primarily Terrestrial Vegetation", "TLegend__6": "", "Shape_Leng": 0.0166666660339, "FID_MAR_ad": 3, "FID_Arable": 4750, "mar_gc_adg": 156433, "TYPE_1": "Region", "CCA_1": "", "mar_gc_a_2": 20, "mar_gc_a_3": "0003 / 0004", "mar_gc_a_1": 12742}}, {"geometry": {"type": "Polygon", "coordinates": [[[-6.1486111097149205, 34.9208333334916], [-6.151388887087421, 34.9208333334916], [-6.151388887087421, 34.92638888913598], [-6.1486111097149205, 34.92638888913598], [-6.1486111097149205, 34.9208333334916]]]}, "type": "Feature", "properties": {"NAME_0": "Morocco", "NAME_1": "Gharb - Chrarda - B\u00e9ni Hssen", "NL_NAME_1": "", "ISO": "MAR", "Shape_Area": 1.54320967606e-05, "VARNAME_1": "", "ENGTYPE_1": "Region", "TLegend__M": "20", "TLegend__L": "9Mixed Class", "ID_0": 152, "ID_1": 4, "CCN_1": 0, "HASC_1": "MA.GB", "TLegend__1": "1", "TLegend__3": "0", "TLegend__2": "0003 / 0004", "TLegend__5": "Mosaic cropland vegetation", "TLegend__4": "A11 / A12", "TLegend__7": "Cultivated and Managed Terrestrial Area(s)\r\n / Natural And Semi-Natural Primarily Terrestrial Vegetation", "TLegend__6": "", "Shape_Leng": 0.0166666660338, "FID_MAR_ad": 3, "FID_Arable": 4752, "mar_gc_adg": 156433, "TYPE_1": "Region", "CCA_1": "", "mar_gc_a_2": 20, "mar_gc_a_3": "0003 / 0004", "mar_gc_a_1": 12785}}, {"geometry": {"type": "Polygon", "coordinates": [[[-5.826388886837606, 34.9236111108641], [-5.826388886837606, 34.9208333334916], [-5.826388886837606, 34.91527777784722], [-5.8319444424819835, 34.91527777784722], [-5.834722220753861, 34.91527777784722], [-5.834722220753861, 34.91805555521972], [-5.829166665109483, 34.91805555521972], [-5.829166665109483, 34.9208333334916], [-5.8319444424819835, 34.9208333334916], [-5.8319444424819835, 34.9236111108641], [-5.834722220753861, 34.9236111108641], [-5.834722220753861, 34.9208333334916], [-5.840277775498919, 34.9208333334916], [-5.840277775498919, 34.9236111108641], [-5.837499998126361, 34.9236111108641], [-5.837499998126361, 34.92638888913598], [-5.834722220753861, 34.92638888913598], [-5.826388886837606, 34.92638888913598], [-5.826388886837606, 34.9236111108641]]]}, "type": "Feature", "properties": {"NAME_0": "Morocco", "NAME_1": "Gharb - Chrarda - B\u00e9ni Hssen", "NL_NAME_1": "", "ISO": "MAR", "Shape_Area": 9.25925930552e-05, "VARNAME_1": "", "ENGTYPE_1": "Region", "TLegend__M": "20", "TLegend__L": "9Mixed Class", "ID_0": 152, "ID_1": 4, "CCN_1": 0, "HASC_1": "MA.GB", "TLegend__1": "1", "TLegend__3": "0", "TLegend__2": "0003 / 0004", "TLegend__5": "Mosaic cropland vegetation", "TLegend__4": "A11 / A12", "TLegend__7": "Cultivated and Managed Terrestrial Area(s)\r\n / Natural And Semi-Natural Primarily Terrestrial Vegetation", "TLegend__6": "", "Shape_Leng": 0.0666666659339, "FID_MAR_ad": 3, "FID_Arable": 4754, "mar_gc_adg": 938619, "TYPE_1": "Region", "CCA_1": "", "mar_gc_a_2": 20, "mar_gc_a_3": "0003 / 0004", "mar_gc_a_1": 12639}}, {"geometry": {"type": "Polygon", "coordinates": [[[-6.20972222000438, 34.92638888913598], [-6.20972222000438, 34.9208333334916], [-6.218055553920635, 34.9208333334916], [-6.218055553920635, 34.9236111108641], [-6.215277775648758, 34.9236111108641], [-6.215277775648758, 34.92638888913598], [-6.20972222000438, 34.92638888913598]]]}, "type": "Feature", "properties": {"NAME_0": "Morocco", "NAME_1": "Gharb - Chrarda - B\u00e9ni Hssen", "NL_NAME_1": "", "ISO": "MAR", "Shape_Area": 3.85802481472e-05, "VARNAME_1": "", "ENGTYPE_1": "Region", "TLegend__M": "20", "TLegend__L": "9Mixed Class", "ID_0": 152, "ID_1": 4, "CCN_1": 0, "HASC_1": "MA.GB", "TLegend__1": "1", "TLegend__3": "0", "TLegend__2": "0003 / 0004", "TLegend__5": "Mosaic cropland vegetation", "TLegend__4": "A11 / A12", "TLegend__7": "Cultivated and Managed Terrestrial Area(s)\r\n / Natural And Semi-Natural Primarily Terrestrial Vegetation", "TLegend__6": "", "Shape_Leng": 0.0277777791213, "FID_MAR_ad": 3, "FID_Arable": 4757, "mar_gc_adg": 391083, "TYPE_1": "Region", "CCA_1": "", "mar_gc_a_2": 20, "mar_gc_a_3": "0003 / 0004", "mar_gc_a_1": 12815}}, {"geometry": {"type": "Polygon", "coordinates": [[[-6.2319444425818915, 34.92638888913598], [-6.2319444425818915, 34.9236111108641], [-6.226388886937514, 34.9236111108641], [-6.226388886937514, 34.9230433670578], [-6.2281429003745075, 34.92323809995838], [-6.229716099718189, 34.923225700106], [-6.229751200257624, 34.92203439966784], [-6.231221099873835, 34.92192089982973], [-6.231180727508502, 34.91805555521972], [-6.231351669743731, 34.91805555521972], [-6.231392700412755, 34.92204139999069], [-6.24066250017421, 34.922129399552205], [-6.240768143534922, 34.9236111108641], [-6.237499998226269, 34.9236111108641], [-6.237499998226269, 34.92638888913598], [-6.2319444425818915, 34.92638888913598]]]}, "type": "Feature", "properties": {"NAME_0": "Morocco", "NAME_1": "Gharb - Chrarda - B\u00e9ni Hssen", "NL_NAME_1": "", "ISO": "MAR", "Shape_Area": 3.44600785881e-05, "VARNAME_1": "", "ENGTYPE_1": "Region", "TLegend__M": "20", "TLegend__L": "9Mixed Class", "ID_0": 152, "ID_1": 4, "CCN_1": 0, "HASC_1": "MA.GB", "TLegend__1": "1", "TLegend__3": "0", "TLegend__2": "0003 / 0004", "TLegend__5": "Mosaic cropland vegetation", "TLegend__4": "A11 / A12", "TLegend__7": "Cultivated and Managed Terrestrial Area(s)\r\n / Natural And Semi-Natural Primarily Terrestrial Vegetation", "TLegend__6": "", "Shape_Leng": 0.0452849314856, "FID_MAR_ad": 3, "FID_Arable": 4767, "mar_gc_adg": 1799091, "TYPE_1": "Region", "CCA_1": "", "mar_gc_a_2": 20, "mar_gc_a_3": "0003 / 0004", "mar_gc_a_1": 12824}}, {"geometry": {"type": "MultiPolygon", "coordinates": [[[[-5.776273369920034, 34.91527777784722], [-5.776388886937525, 34.91527777784722], [-5.776388886937525, 34.91531672208913], [-5.776273369920034, 34.91527777784722]]], [[[-5.768045304347254, 34.912499999575346], [-5.773611109565024, 34.912499999575346], [-5.773611109565024, 34.914380249948636], [-5.770846843606876, 34.91344833377366], [-5.768045304347254, 34.912499999575346]]]]}, "type": "Feature", "properties": {"NAME_0": "Morocco", "NAME_1": "Gharb - Chrarda - B\u00e9ni Hssen", "NL_NAME_1": "", "ISO": "MAR", "Shape_Area": 5.24012712576e-06, "VARNAME_1": "", "ENGTYPE_1": "Region", "TLegend__M": "20", "TLegend__L": "9Mixed Class", "ID_0": 152, "ID_1": 4, "CCN_1": 0, "HASC_1": "MA.GB", "TLegend__1": "1", "TLegend__3": "0", "TLegend__2": "0003 / 0004", "TLegend__5": "Mosaic cropland vegetation", "TLegend__4": "A11 / A12", "TLegend__7": "Cultivated and Managed Terrestrial Area(s)\r\n / Natural And Semi-Natural Primarily Terrestrial Vegetation", "TLegend__6": "", "Shape_Leng": 0.013597244625, "FID_MAR_ad": 3, "FID_Arable": 4769, "mar_gc_adg": 1173304, "TYPE_1": "Region", "CCA_1": "", "mar_gc_a_2": 20, "mar_gc_a_3": "0003 / 0004", "mar_gc_a_1": 12612}}, {"geometry": {"type": "Polygon", "coordinates": [[[-5.86249999807643, 34.9208333334916], [-5.86249999807643, 34.91805555521972], [-5.859722220703873, 34.91805555521972], [-5.859722220703873, 34.91527777784722], [-5.86527777634825, 34.91527777784722], [-5.86527777634825, 34.91805555521972], [-5.8708333310933085, 34.91805555521972], [-5.8708333310933085, 34.9208333334916], [-5.873611109365186, 34.9208333334916], [-5.873611109365186, 34.9236111108641], [-5.86527777634825, 34.9236111108641], [-5.86527777634825, 34.9208333334916], [-5.86249999807643, 34.9208333334916]]]}, "type": "Feature", "properties": {"NAME_0": "Morocco", "NAME_1": "Gharb - Chrarda - B\u00e9ni Hssen", "NL_NAME_1": "", "ISO": "MAR", "Shape_Area": 6.17283920392e-05, "VARNAME_1": "", "ENGTYPE_1": "Region", "TLegend__M": "14 - 15", "TLegend__L": "Error", "ID_0": 152, "ID_1": 4, "CCN_1": 0, "HASC_1": "MA.GB", "TLegend__1": "1", "TLegend__3": "0", "TLegend__2": "11498", "TLegend__5": "Rainfed cropland", "TLegend__4": "A3XXXXXXD1", "TLegend__7": "Rainfed Herbaceous Crop(s)", "TLegend__6": "", "Shape_Leng": 0.0444444433564, "FID_MAR_ad": 3, "FID_Arable": 4783, "mar_gc_adg": 625759, "TYPE_1": "Region", "CCA_1": "", "mar_gc_a_2": 14, "mar_gc_a_3": "11498", "mar_gc_a_1": 12738}}, {"geometry": {"type": "Polygon", "coordinates": [[[-6.170833331393055, 34.9236111108641], [-6.170833331393055, 34.91805555521972], [-6.173611109664932, 34.91805555521972], [-6.173611109664932, 34.91527777784722], [-6.176388887037433, 34.91527777784722], [-6.176388887037433, 34.9208333334916], [-6.173611109664932, 34.9208333334916], [-6.173611109664932, 34.9236111108641], [-6.170833331393055, 34.9236111108641]]]}, "type": "Feature", "properties": {"NAME_0": "Morocco", "NAME_1": "Gharb - Chrarda - B\u00e9ni Hssen", "NL_NAME_1": "", "ISO": "MAR", "Shape_Area": 3.08641985178e-05, "VARNAME_1": "", "ENGTYPE_1": "Region", "TLegend__M": "20", "TLegend__L": "9Mixed Class", "ID_0": 152, "ID_1": 4, "CCN_1": 0, "HASC_1": "MA.GB", "TLegend__1": "1", "TLegend__3": "0", "TLegend__2": "0003 / 0004", "TLegend__5": "Mosaic cropland vegetation", "TLegend__4": "A11 / A12", "TLegend__7": "Cultivated and Managed Terrestrial Area(s)\r\n / Natural And Semi-Natural Primarily Terrestrial Vegetation", "TLegend__6": "", "Shape_Leng": 0.0277777773225, "FID_MAR_ad": 3, "FID_Arable": 4788, "mar_gc_adg": 312881, "TYPE_1": "Region", "CCA_1": "", "mar_gc_a_2": 20, "mar_gc_a_3": "0003 / 0004", "mar_gc_a_1": 12873}}, {"geometry": {"type": "Polygon", "coordinates": [[[-5.545833331742813, 34.84038608784772], [-5.541343211919639, 34.83916854878953], [-5.5387930862319195, 34.83699035661971], [-5.537499997826615, 34.83588189813116], [-5.537499997826615, 34.829166666708375], [-5.534722220454057, 34.829166666708375], [-5.534722220454057, 34.8263888884365], [-5.529171805334499, 34.8263888884365], [-5.527314185501211, 34.82201766977971], [-5.526388887437179, 34.821636000201295], [-5.526388887437179, 34.81805555541962], [-5.5236111091653015, 34.81805555541962], [-5.5236111091653015, 34.81527777804706], [-5.520833331792801, 34.81527777804706], [-5.520833331792801, 34.81249999977524], [-5.515277776148423, 34.81249999977524], [-5.515277776148423, 34.809722222402684], [-5.518055553520924, 34.809722222402684], [-5.518055553520924, 34.80694444413086], [-5.5236111091653015, 34.80694444413086], [-5.5236111091653015, 34.809722222402684], [-5.526388887437179, 34.809722222402684], [-5.526388887437179, 34.81249999977524], [-5.531944442182237, 34.81249999977524], [-5.531944442182237, 34.81527777804706], [-5.537499997826615, 34.81527777804706], [-5.537499997826615, 34.809722222402684], [-5.543055553470992, 34.809722222402684], [-5.543055553470992, 34.804166666758306], [-5.545833331742813, 34.804166666758306], [-5.545833331742813, 34.801388888486485], [-5.54861110911537, 34.801388888486485], [-5.54861110911537, 34.79861111111393], [-5.551388887387191, 34.79861111111393], [-5.551388887387191, 34.79583333374143], [-5.554166664759748, 34.79583333374143], [-5.554166664759748, 34.801388888486485], [-5.5624999977766265, 34.801388888486485], [-5.5624999977766265, 34.79583333374143], [-5.565277776048504, 34.79583333374143], [-5.565277776048504, 34.801388888486485], [-5.5708333316928815, 34.801388888486485], [-5.5708333316928815, 34.80694444413086], [-5.573611109065382, 34.80694444413086], [-5.576388887337259, 34.80694444413086], [-5.576388887337259, 34.809722222402684], [-5.5708333316928815, 34.809722222402684], [-5.5708333316928815, 34.81249999977524], [-5.568055553421004, 34.81249999977524], [-5.568055553421004, 34.81527777804706], [-5.559722220404126, 34.81527777804706], [-5.559722220404126, 34.81249999977524], [-5.556944443031568, 34.81249999977524], [-5.556944443031568, 34.809722222402684], [-5.556944443031568, 34.80694444413086], [-5.554166664759748, 34.80694444413086], [-5.551388887387191, 34.80694444413086], [-5.551388887387191, 34.809722222402684], [-5.54861110911537, 34.809722222402684], [-5.54861110911537, 34.81249999977524], [-5.554166664759748, 34.81249999977524], [-5.554166664759748, 34.81527777804706], [-5.54861110911537, 34.81527777804706], [-5.54861110911537, 34.81805555541962], [-5.543055553470992, 34.81805555541962], [-5.543055553470992, 34.82083333369144], [-5.545833331742813, 34.82083333369144], [-5.545833331742813, 34.823611111064], [-5.550686521365833, 34.823611111064], [-5.550638600091247, 34.82367280005974], [-5.550761899841746, 34.82400749984629], [-5.55066539988826, 34.824258499730036], [-5.550643899796114, 34.82458439965035], [-5.5504240002673555, 34.82500709989779], [-5.550381099907781, 34.82541249988702], [-5.550713699777361, 34.82524069969861], [-5.551271599604604, 34.82500270041436], [-5.551388887387191, 34.82500738947948], [-5.551388887387191, 34.8263888884365], [-5.554166664759748, 34.8263888884365], [-5.554166664759748, 34.829166666708375], [-5.556944443031568, 34.829166666708375], [-5.556944443031568, 34.8263888884365], [-5.568055553421004, 34.8263888884365], [-5.568055553421004, 34.823611111064], [-5.565277776048504, 34.823611111064], [-5.565277776048504, 34.81805555541962], [-5.5708333316928815, 34.81805555541962], [-5.5708333316928815, 34.823611111064], [-5.573611109065382, 34.823611111064], [-5.573611109065382, 34.81527777804706], [-5.57916666470976, 34.81527777804706], [-5.57916666470976, 34.81805555541962], [-5.576388887337259, 34.81805555541962], [-5.576388887337259, 34.823611111064], [-5.57708346792765, 34.823611111064], [-5.576516151299302, 34.8238296508178], [-5.569712161287157, 34.82645416302927], [-5.561117171420278, 34.83313751258618], [-5.553113937258331, 34.83847427396864], [-5.5505471228514125, 34.839969635190585], [-5.54861110911537, 34.84109584090038], [-5.54861110911537, 34.84027777799713], [-5.545833331742813, 34.84027777799713], [-5.545833331742813, 34.84038608784772]]]}, "type": "Feature", "properties": {"NAME_0": "Morocco", "NAME_1": "Gharb - Chrarda - B\u00e9ni Hssen", "NL_NAME_1": "", "ISO": "MAR", "Shape_Area": 0.00109138442869, "VARNAME_1": "", "ENGTYPE_1": "Region", "TLegend__M": "20", "TLegend__L": "9Mixed Class", "ID_0": 152, "ID_1": 4, "CCN_1": 0, "HASC_1": "MA.GB", "TLegend__1": "1", "TLegend__3": "0", "TLegend__2": "0003 / 0004", "TLegend__5": "Mosaic cropland vegetation", "TLegend__4": "A11 / A12", "TLegend__7": "Cultivated and Managed Terrestrial Area(s)\r\n / Natural And Semi-Natural Primarily Terrestrial Vegetation", "TLegend__6": "", "Shape_Leng": 0.370236588121, "FID_MAR_ad": 3, "FID_Arable": 4795, "mar_gc_adg": 44226666, "TYPE_1": "Region", "CCA_1": "", "mar_gc_a_2": 20, "mar_gc_a_3": "0003 / 0004", "mar_gc_a_1": 12622}}, {"geometry": {"type": "Polygon", "coordinates": [[[-6.095833331542963, 34.91527777784722], [-6.095833331542963, 34.91805555521972], [-6.1013888871873405, 34.91805555521972], [-6.104166664559898, 34.91805555521972], [-6.104166664559898, 34.9208333334916], [-6.1013888871873405, 34.9208333334916], [-6.1013888871873405, 34.9236111108641], [-6.095833331542963, 34.9236111108641], [-6.095833331542963, 34.9208333334916], [-6.093055553271142, 34.9208333334916], [-6.093055553271142, 34.91527777784722], [-6.095833331542963, 34.91527777784722]]]}, "type": "Feature", "properties": {"NAME_0": "Morocco", "NAME_1": "Gharb - Chrarda - B\u00e9ni Hssen", "NL_NAME_1": "", "ISO": "MAR", "Shape_Area": 5.40123499042e-05, "VARNAME_1": "", "ENGTYPE_1": "Region", "TLegend__M": "20", "TLegend__L": "9Mixed Class", "ID_0": 152, "ID_1": 4, "CCN_1": 0, "HASC_1": "MA.GB", "TLegend__1": "1", "TLegend__3": "0", "TLegend__2": "0003 / 0004", "TLegend__5": "Mosaic cropland vegetation", "TLegend__4": "A11 / A12", "TLegend__7": "Cultivated and Managed Terrestrial Area(s)\r\n / Natural And Semi-Natural Primarily Terrestrial Vegetation", "TLegend__6": "", "Shape_Leng": 0.0388888886113, "FID_MAR_ad": 3, "FID_Arable": 4798, "mar_gc_adg": 547539, "TYPE_1": "Region", "CCA_1": "", "mar_gc_a_2": 20, "mar_gc_a_3": "0003 / 0004", "mar_gc_a_1": 12843}}, {"geometry": {"type": "Polygon", "coordinates": [[[-6.031944442981626, 34.91805555521972], [-6.037499997726684, 34.91805555521972], [-6.037499997726684, 34.9208333334916], [-6.031944442981626, 34.9208333334916], [-6.031944442981626, 34.91805555521972]]]}, "type": "Feature", "properties": {"NAME_0": "Morocco", "NAME_1": "Gharb - Chrarda - B\u00e9ni Hssen", "NL_NAME_1": "", "ISO": "MAR", "Shape_Area": 1.5432099259e-05, "VARNAME_1": "", "ENGTYPE_1": "Region", "TLegend__M": "20", "TLegend__L": "9Mixed Class", "ID_0": 152, "ID_1": 4, "CCN_1": 0, "HASC_1": "MA.GB", "TLegend__1": "1", "TLegend__3": "0", "TLegend__2": "0003 / 0004", "TLegend__5": "Mosaic cropland vegetation", "TLegend__4": "A11 / A12", "TLegend__7": "Cultivated and Managed Terrestrial Area(s)\r\n / Natural And Semi-Natural Primarily Terrestrial Vegetation", "TLegend__6": "", "Shape_Leng": 0.0166666660339, "FID_MAR_ad": 3, "FID_Arable": 4803, "mar_gc_adg": 156440, "TYPE_1": "Region", "CCA_1": "", "mar_gc_a_2": 20, "mar_gc_a_3": "0003 / 0004", "mar_gc_a_1": 12890}}, {"geometry": {"type": "Polygon", "coordinates": [[[-6.184722220054368, 34.909722222202845], [-6.184722220054368, 34.91527777784722], [-6.187499998326189, 34.91527777784722], [-6.187499998326189, 34.909722222202845], [-6.190277775698746, 34.909722222202845], [-6.190277775698746, 34.9208333334916], [-6.184722220054368, 34.9208333334916], [-6.184722220054368, 34.91805555521972], [-6.1791666644099905, 34.91805555521972], [-6.1791666644099905, 34.91527777784722], [-6.181944442681811, 34.91527777784722], [-6.181944442681811, 34.909722222202845], [-6.184722220054368, 34.909722222202845]]]}, "type": "Feature", "properties": {"NAME_0": "Morocco", "NAME_1": "Gharb - Chrarda - B\u00e9ni Hssen", "NL_NAME_1": "", "ISO": "MAR", "Shape_Area": 7.71604888003e-05, "VARNAME_1": "", "ENGTYPE_1": "Region", "TLegend__M": "20", "TLegend__L": "9Mixed Class", "ID_0": 152, "ID_1": 4, "CCN_1": 0, "HASC_1": "MA.GB", "TLegend__1": "1", "TLegend__3": "0", "TLegend__2": "0003 / 0004", "TLegend__5": "Mosaic cropland vegetation", "TLegend__4": "A11 / A12", "TLegend__7": "Cultivated and Managed Terrestrial Area(s)\r\n / Natural And Semi-Natural Primarily Terrestrial Vegetation", "TLegend__6": "", "Shape_Leng": 0.0555555564438, "FID_MAR_ad": 3, "FID_Arable": 4808, "mar_gc_adg": 782239, "TYPE_1": "Region", "CCA_1": "", "mar_gc_a_2": 20, "mar_gc_a_3": "0003 / 0004", "mar_gc_a_1": 12955}}, {"geometry": {"type": "Polygon", "coordinates": [[[-5.809722220803792, 34.9171280664072], [-5.809722220803792, 34.91527777784722], [-5.812499998176349, 34.91527777784722], [-5.818055553820727, 34.91527777784722], [-5.818055553820727, 34.91805555521972], [-5.812499998176349, 34.91805555521972], [-5.812499998176349, 34.91866616071479], [-5.811799048587147, 34.91753768961274], [-5.809722220803792, 34.9171280664072]]]}, "type": "Feature", "properties": {"NAME_0": "Morocco", "NAME_1": "Gharb - Chrarda - B\u00e9ni Hssen", "NL_NAME_1": "", "ISO": "MAR", "Shape_Area": 2.16797707776e-05, "VARNAME_1": "", "ENGTYPE_1": "Region", "TLegend__M": "20", "TLegend__L": "9Mixed Class", "ID_0": 152, "ID_1": 4, "CCN_1": 0, "HASC_1": "MA.GB", "TLegend__1": "1", "TLegend__3": "0", "TLegend__2": "0003 / 0004", "TLegend__5": "Mosaic cropland vegetation", "TLegend__4": "A11 / A12", "TLegend__7": "Cultivated and Managed Terrestrial Area(s)\r\n / Natural And Semi-Natural Primarily Terrestrial Vegetation", "TLegend__6": "", "Shape_Leng": 0.0225728477183, "FID_MAR_ad": 3, "FID_Arable": 4816, "mar_gc_adg": 312889, "TYPE_1": "Region", "CCA_1": "", "mar_gc_a_2": 20, "mar_gc_a_3": "0003 / 0004", "mar_gc_a_1": 12808}}, {"geometry": {"type": "Polygon", "coordinates": [[[-5.959722220504034, 34.91805555521972], [-5.959722220504034, 34.91527777784722], [-5.9624999978765345, 34.91527777784722], [-5.9624999978765345, 34.91805555521972], [-5.968055553520912, 34.91805555521972], [-5.968055553520912, 34.9208333334916], [-5.954166664859656, 34.9208333334916], [-5.954166664859656, 34.91805555521972], [-5.959722220504034, 34.91805555521972]]]}, "type": "Feature", "properties": {"NAME_0": "Morocco", "NAME_1": "Gharb - Chrarda - B\u00e9ni Hssen", "NL_NAME_1": "", "ISO": "MAR", "Shape_Area": 4.62963002749e-05, "VARNAME_1": "", "ENGTYPE_1": "Region", "TLegend__M": "20", "TLegend__L": "9Mixed Class", "ID_0": 152, "ID_1": 4, "CCN_1": 0, "HASC_1": "MA.GB", "TLegend__1": "1", "TLegend__3": "0", "TLegend__2": "0003 / 0004", "TLegend__5": "Mosaic cropland vegetation", "TLegend__4": "A11 / A12", "TLegend__7": "Cultivated and Managed Terrestrial Area(s)\r\n / Natural And Semi-Natural Primarily Terrestrial Vegetation", "TLegend__6": "", "Shape_Leng": 0.0388888886113, "FID_MAR_ad": 3, "FID_Arable": 4819, "mar_gc_adg": 469323, "TYPE_1": "Region", "CCA_1": "", "mar_gc_a_2": 20, "mar_gc_a_3": "0003 / 0004", "mar_gc_a_1": 12864}}, {"geometry": {"type": "Polygon", "coordinates": [[[-6.059722220304195, 34.91527777784722], [-6.059722220304195, 34.912499999575346], [-6.059722220304195, 34.909722222202845], [-6.0624999985760155, 34.909722222202845], [-6.065277775948573, 34.909722222202845], [-6.068055553321074, 34.909722222202845], [-6.068055553321074, 34.91527777784722], [-6.068055553321074, 34.91805555521972], [-6.0624999985760155, 34.91805555521972], [-6.0624999985760155, 34.91527777784722], [-6.059722220304195, 34.91527777784722]]]}, "type": "Feature", "properties": {"NAME_0": "Morocco", "NAME_1": "Gharb - Chrarda - B\u00e9ni Hssen", "NL_NAME_1": "", "ISO": "MAR", "Shape_Area": 6.17283895409e-05, "VARNAME_1": "", "ENGTYPE_1": "Region", "TLegend__M": "14 - 15", "TLegend__L": "Error", "ID_0": 152, "ID_1": 4, "CCN_1": 0, "HASC_1": "MA.GB", "TLegend__1": "1", "TLegend__3": "0", "TLegend__2": "11498", "TLegend__5": "Rainfed cropland", "TLegend__4": "A3XXXXXXD1", "TLegend__7": "Rainfed Herbaceous Crop(s)", "TLegend__6": "", "Shape_Leng": 0.0333333320675, "FID_MAR_ad": 3, "FID_Arable": 4828, "mar_gc_adg": 625806, "TYPE_1": "Region", "CCA_1": "", "mar_gc_a_2": 14, "mar_gc_a_3": "11498", "mar_gc_a_1": 12986}}, {"geometry": {"type": "Polygon", "coordinates": [[[-6.218055553920635, 34.913843898776975], [-6.218057800427118, 34.91384260015593], [-6.218551299802584, 34.916191599662625], [-6.219538400176987, 34.91621790033588], [-6.219526600172401, 34.916691799886735], [-6.219563384242747, 34.91805555521972], [-6.215277775648758, 34.91805555521972], [-6.215277775648758, 34.91527777784722], [-6.218055553920635, 34.91527777784722], [-6.218055553920635, 34.913843898776975]]]}, "type": "Feature", "properties": {"NAME_0": "Morocco", "NAME_1": "Gharb - Chrarda - B\u00e9ni Hssen", "NL_NAME_1": "", "ISO": "MAR", "Shape_Area": 1.10581128342e-05, "VARNAME_1": "", "ENGTYPE_1": "Region", "TLegend__M": "20", "TLegend__L": "9Mixed Class", "ID_0": 152, "ID_1": 4, "CCN_1": 0, "HASC_1": "MA.GB", "TLegend__1": "1", "TLegend__3": "0", "TLegend__2": "0003 / 0004", "TLegend__5": "Mosaic cropland vegetation", "TLegend__4": "A11 / A12", "TLegend__7": "Cultivated and Managed Terrestrial Area(s)\r\n / Natural And Semi-Natural Primarily Terrestrial Vegetation", "TLegend__6": "", "Shape_Leng": 0.0165036658236, "FID_MAR_ad": 3, "FID_Arable": 4830, "mar_gc_adg": 312894, "TYPE_1": "Region", "CCA_1": "", "mar_gc_a_2": 20, "mar_gc_a_3": "0003 / 0004", "mar_gc_a_1": 13052}}, {"geometry": {"type": "Polygon", "coordinates": [[[-6.059722220304195, 34.91527777784722], [-6.0624999985760155, 34.91527777784722], [-6.0624999985760155, 34.91805555521972], [-6.056944442931638, 34.91805555521972], [-6.056944442931638, 34.91527777784722], [-6.059722220304195, 34.91527777784722]]]}, "type": "Feature", "properties": {"NAME_0": "Morocco", "NAME_1": "Gharb - Chrarda - B\u00e9ni Hssen", "NL_NAME_1": "", "ISO": "MAR", "Shape_Area": 1.54320967606e-05, "VARNAME_1": "", "ENGTYPE_1": "Region", "TLegend__M": "20", "TLegend__L": "9Mixed Class", "ID_0": 152, "ID_1": 4, "CCN_1": 0, "HASC_1": "MA.GB", "TLegend__1": "1", "TLegend__3": "0", "TLegend__2": "0003 / 0004", "TLegend__5": "Mosaic cropland vegetation", "TLegend__4": "A11 / A12", "TLegend__7": "Cultivated and Managed Terrestrial Area(s)\r\n / Natural And Semi-Natural Primarily Terrestrial Vegetation", "TLegend__6": "", "Shape_Leng": 0.0166666660338, "FID_MAR_ad": 3, "FID_Arable": 4836, "mar_gc_adg": 156446, "TYPE_1": "Region", "CCA_1": "", "mar_gc_a_2": 20, "mar_gc_a_3": "0003 / 0004", "mar_gc_a_1": 12984}}, {"geometry": {"type": "Polygon", "coordinates": [[[-6.045833331642882, 34.909722222202845], [-6.054166664659817, 34.909722222202845], [-6.054166664659817, 34.912499999575346], [-6.05138888728726, 34.912499999575346], [-6.05138888728726, 34.91527777784722], [-6.0486111090154395, 34.91527777784722], [-6.0486111090154395, 34.91805555521972], [-6.043055553371062, 34.91805555521972], [-6.043055553371062, 34.91527777784722], [-6.043055553371062, 34.912499999575346], [-6.045833331642882, 34.912499999575346], [-6.045833331642882, 34.909722222202845]]]}, "type": "Feature", "properties": {"NAME_0": "Morocco", "NAME_1": "Gharb - Chrarda - B\u00e9ni Hssen", "NL_NAME_1": "", "ISO": "MAR", "Shape_Area": 6.17283945373e-05, "VARNAME_1": "", "ENGTYPE_1": "Region", "TLegend__M": "20", "TLegend__L": "9Mixed Class", "ID_0": 152, "ID_1": 4, "CCN_1": 0, "HASC_1": "MA.GB", "TLegend__1": "1", "TLegend__3": "0", "TLegend__2": "0003 / 0004", "TLegend__5": "Mosaic cropland vegetation", "TLegend__4": "A11 / A12", "TLegend__7": "Cultivated and Managed Terrestrial Area(s)\r\n / Natural And Semi-Natural Primarily Terrestrial Vegetation", "TLegend__6": "", "Shape_Leng": 0.0388888886113, "FID_MAR_ad": 3, "FID_Arable": 4838, "mar_gc_adg": 625806, "TYPE_1": "Region", "CCA_1": "", "mar_gc_a_2": 20, "mar_gc_a_3": "0003 / 0004", "mar_gc_a_1": 12977}}, {"geometry": {"type": "Polygon", "coordinates": [[[-6.104166664559898, 34.912499999575346], [-6.106944442831718, 34.912499999575346], [-6.106944442831718, 34.91805555521972], [-6.104166664559898, 34.91805555521972], [-6.104166664559898, 34.912499999575346]]]}, "type": "Feature", "properties": {"NAME_0": "Morocco", "NAME_1": "Gharb - Chrarda - B\u00e9ni Hssen", "NL_NAME_1": "", "ISO": "MAR", "Shape_Area": 1.54321017568e-05, "VARNAME_1": "", "ENGTYPE_1": "Region", "TLegend__M": "20", "TLegend__L": "9Mixed Class", "ID_0": 152, "ID_1": 4, "CCN_1": 0, "HASC_1": "MA.GB", "TLegend__1": "1", "TLegend__3": "0", "TLegend__2": "0003 / 0004", "TLegend__5": "Mosaic cropland vegetation", "TLegend__4": "A11 / A12", "TLegend__7": "Cultivated and Managed Terrestrial Area(s)\r\n / Natural And Semi-Natural Primarily Terrestrial Vegetation", "TLegend__6": "", "Shape_Leng": 0.0166666678324, "FID_MAR_ad": 3, "FID_Arable": 4840, "mar_gc_adg": 156448, "TYPE_1": "Region", "CCA_1": "", "mar_gc_a_2": 20, "mar_gc_a_3": "0003 / 0004", "mar_gc_a_1": 13010}}, {"geometry": {"type": "Polygon", "coordinates": [[[-6.162499998376177, 34.912499999575346], [-6.165277775748677, 34.912499999575346], [-6.165277775748677, 34.91805555521972], [-6.162499998376177, 34.91805555521972], [-6.162499998376177, 34.912499999575346]]]}, "type": "Feature", "properties": {"NAME_0": "Morocco", "NAME_1": "Gharb - Chrarda - B\u00e9ni Hssen", "NL_NAME_1": "", "ISO": "MAR", "Shape_Area": 1.54320967606e-05, "VARNAME_1": "", "ENGTYPE_1": "Region", "TLegend__M": "20", "TLegend__L": "9Mixed Class", "ID_0": 152, "ID_1": 4, "CCN_1": 0, "HASC_1": "MA.GB", "TLegend__1": "1", "TLegend__3": "0", "TLegend__2": "0003 / 0004", "TLegend__5": "Mosaic cropland vegetation", "TLegend__4": "A11 / A12", "TLegend__7": "Cultivated and Managed Terrestrial Area(s)\r\n / Natural And Semi-Natural Primarily Terrestrial Vegetation", "TLegend__6": "", "Shape_Leng": 0.0166666660338, "FID_MAR_ad": 3, "FID_Arable": 4842, "mar_gc_adg": 156448, "TYPE_1": "Region", "CCA_1": "", "mar_gc_a_2": 20, "mar_gc_a_3": "0003 / 0004", "mar_gc_a_1": 13034}}, {"geometry": {"type": "Polygon", "coordinates": [[[-6.031944442981626, 34.91805555521972], [-6.029166664709749, 34.91805555521972], [-6.029166664709749, 34.909722222202845], [-6.031944442981626, 34.909722222202845], [-6.031944442981626, 34.91805555521972]]]}, "type": "Feature", "properties": {"NAME_0": "Morocco", "NAME_1": "Gharb - Chrarda - B\u00e9ni Hssen", "NL_NAME_1": "", "ISO": "MAR", "Shape_Area": 2.31481513866e-05, "VARNAME_1": "", "ENGTYPE_1": "Region", "TLegend__M": "20", "TLegend__L": "9Mixed Class", "ID_0": 152, "ID_1": 4, "CCN_1": 0, "HASC_1": "MA.GB", "TLegend__1": "1", "TLegend__3": "0", "TLegend__2": "0003 / 0004", "TLegend__5": "Mosaic cropland vegetation", "TLegend__4": "A11 / A12", "TLegend__7": "Cultivated and Managed Terrestrial Area(s)\r\n / Natural And Semi-Natural Primarily Terrestrial Vegetation", "TLegend__6": "", "Shape_Leng": 0.0222222225775, "FID_MAR_ad": 3, "FID_Arable": 4850, "mar_gc_adg": 234676, "TYPE_1": "Region", "CCA_1": "", "mar_gc_a_2": 20, "mar_gc_a_3": "0003 / 0004", "mar_gc_a_1": 12970}}, {"geometry": {"type": "Polygon", "coordinates": [[[-6.1013888871873405, 34.91527777784722], [-6.1013888871873405, 34.912499999575346], [-6.104166664559898, 34.912499999575346], [-6.104166664559898, 34.91805555521972], [-6.1013888871873405, 34.91805555521972], [-6.1013888871873405, 34.91527777784722]]]}, "type": "Feature", "properties": {"NAME_0": "Morocco", "NAME_1": "Gharb - Chrarda - B\u00e9ni Hssen", "NL_NAME_1": "", "ISO": "MAR", "Shape_Area": 1.54320967609e-05, "VARNAME_1": "", "ENGTYPE_1": "Region", "TLegend__M": "14 - 15", "TLegend__L": "Error", "ID_0": 152, "ID_1": 4, "CCN_1": 0, "HASC_1": "MA.GB", "TLegend__1": "1", "TLegend__3": "0", "TLegend__2": "11498", "TLegend__5": "Rainfed cropland", "TLegend__4": "A3XXXXXXD1", "TLegend__7": "Rainfed Herbaceous Crop(s)", "TLegend__6": "", "Shape_Leng": 0.0166666660339, "FID_MAR_ad": 3, "FID_Arable": 4851, "mar_gc_adg": 156448, "TYPE_1": "Region", "CCA_1": "", "mar_gc_a_2": 14, "mar_gc_a_3": "11498", "mar_gc_a_1": 13007}}, {"geometry": {"type": "Polygon", "coordinates": [[[-6.087499998526084, 34.912499999575346], [-6.090277775898585, 34.912499999575346], [-6.090277775898585, 34.91527777784722], [-6.090277775898585, 34.91805555521972], [-6.087499998526084, 34.91805555521972], [-6.087499998526084, 34.912499999575346]]]}, "type": "Feature", "properties": {"NAME_0": "Morocco", "NAME_1": "Gharb - Chrarda - B\u00e9ni Hssen", "NL_NAME_1": "", "ISO": "MAR", "Shape_Area": 1.54320967606e-05, "VARNAME_1": "", "ENGTYPE_1": "Region", "TLegend__M": "20", "TLegend__L": "9Mixed Class", "ID_0": 152, "ID_1": 4, "CCN_1": 0, "HASC_1": "MA.GB", "TLegend__1": "1", "TLegend__3": "0", "TLegend__2": "0003 / 0004", "TLegend__5": "Mosaic cropland vegetation", "TLegend__4": "A11 / A12", "TLegend__7": "Cultivated and Managed Terrestrial Area(s)\r\n / Natural And Semi-Natural Primarily Terrestrial Vegetation", "TLegend__6": "", "Shape_Leng": 0.0166666660338, "FID_MAR_ad": 3, "FID_Arable": 4854, "mar_gc_adg": 156448, "TYPE_1": "Region", "CCA_1": "", "mar_gc_a_2": 20, "mar_gc_a_3": "0003 / 0004", "mar_gc_a_1": 13000}}, {"geometry": {"type": "Polygon", "coordinates": [[[-6.145833331443043, 34.909722222202845], [-6.1486111097149205, 34.909722222202845], [-6.1486111097149205, 34.91527777784722], [-6.145833331443043, 34.91527777784722], [-6.145833331443043, 34.912499999575346], [-6.145833331443043, 34.909722222202845]]]}, "type": "Feature", "properties": {"NAME_0": "Morocco", "NAME_1": "Gharb - Chrarda - B\u00e9ni Hssen", "NL_NAME_1": "", "ISO": "MAR", "Shape_Area": 1.54321017572e-05, "VARNAME_1": "", "ENGTYPE_1": "Region", "TLegend__M": "20", "TLegend__L": "9Mixed Class", "ID_0": 152, "ID_1": 4, "CCN_1": 0, "HASC_1": "MA.GB", "TLegend__1": "1", "TLegend__3": "0", "TLegend__2": "0003 / 0004", "TLegend__5": "Mosaic cropland vegetation", "TLegend__4": "A11 / A12", "TLegend__7": "Cultivated and Managed Terrestrial Area(s)\r\n / Natural And Semi-Natural Primarily Terrestrial Vegetation", "TLegend__6": "", "Shape_Leng": 0.0166666678325, "FID_MAR_ad": 3, "FID_Arable": 4870, "mar_gc_adg": 156453, "TYPE_1": "Region", "CCA_1": "", "mar_gc_a_2": 20, "mar_gc_a_3": "0003 / 0004", "mar_gc_a_1": 13095}}, {"geometry": {"type": "Polygon", "coordinates": [[[-5.9708333317927895, 34.912499999575346], [-5.97361110916529, 34.912499999575346], [-5.97361110916529, 34.91527777784722], [-5.968055553520912, 34.91527777784722], [-5.968055553520912, 34.912499999575346], [-5.9708333317927895, 34.912499999575346]]]}, "type": "Feature", "properties": {"NAME_0": "Morocco", "NAME_1": "Gharb - Chrarda - B\u00e9ni Hssen", "NL_NAME_1": "", "ISO": "MAR", "Shape_Area": 1.54321017572e-05, "VARNAME_1": "", "ENGTYPE_1": "Region", "TLegend__M": "20", "TLegend__L": "9Mixed Class", "ID_0": 152, "ID_1": 4, "CCN_1": 0, "HASC_1": "MA.GB", "TLegend__1": "1", "TLegend__3": "0", "TLegend__2": "0003 / 0004", "TLegend__5": "Mosaic cropland vegetation", "TLegend__4": "A11 / A12", "TLegend__7": "Cultivated and Managed Terrestrial Area(s)\r\n / Natural And Semi-Natural Primarily Terrestrial Vegetation", "TLegend__6": "", "Shape_Leng": 0.0166666678325, "FID_MAR_ad": 3, "FID_Arable": 4871, "mar_gc_adg": 156451, "TYPE_1": "Region", "CCA_1": "", "mar_gc_a_2": 20, "mar_gc_a_3": "0003 / 0004", "mar_gc_a_1": 13032}}]}