{"type": "FeatureCollection", "features": [{"geometry": {"type": "Polygon", "coordinates": [[[-6.068055553321074, 34.909722222202845], [-6.070833331592951, 34.909722222202845], [-6.070833331592951, 34.91527777784722], [-6.068055553321074, 34.91527777784722], [-6.068055553321074, 34.909722222202845]]]}, "type": "Feature", "properties": {"NAME_0": "Morocco", "NAME_1": "Gharb - Chrarda - B\u00e9ni Hssen", "NL_NAME_1": "", "ISO": "MAR", "Shape_Area": 1.54321017572e-05, "VARNAME_1": "", "ENGTYPE_1": "Region", "TLegend__M": "20", "TLegend__L": "9Mixed Class", "ID_0": 152, "ID_1": 4, "CCN_1": 0, "HASC_1": "MA.GB", "TLegend__1": "1", "TLegend__3": "0", "TLegend__2": "0003 / 0004", "TLegend__5": "Mosaic cropland vegetation", "TLegend__4": "A11 / A12", "TLegend__7": "Cultivated and Managed Terrestrial Area(s)\r\n / Natural And Semi-Natural Primarily Terrestrial Vegetation", "TLegend__6": "", "Shape_Leng": 0.0166666678325, "FID_MAR_ad": 3, "FID_Arable": 4872, "mar_gc_adg": 156453, "TYPE_1": "Region", "CCA_1": "", "mar_gc_a_2": 20, "mar_gc_a_3": "0003 / 0004", "mar_gc_a_1": 13072}}, {"geometry": {"type": "Polygon", "coordinates": [[[-6.184722220054368, 34.909722222202845], [-6.187499998326189, 34.909722222202845], [-6.187499998326189, 34.91527777784722], [-6.184722220054368, 34.91527777784722], [-6.184722220054368, 34.909722222202845]]]}, "type": "Feature", "properties": {"NAME_0": "Morocco", "NAME_1": "Gharb - Chrarda - B\u00e9ni Hssen", "NL_NAME_1": "", "ISO": "MAR", "Shape_Area": 1.54321017568e-05, "VARNAME_1": "", "ENGTYPE_1": "Region", "TLegend__M": "14 - 15", "TLegend__L": "Error", "ID_0": 152, "ID_1": 4, "CCN_1": 0, "HASC_1": "MA.GB", "TLegend__1": "1", "TLegend__3": "0", "TLegend__2": "11498", "TLegend__5": "Rainfed cropland", "TLegend__4": "A3XXXXXXD1", "TLegend__7": "Rainfed Herbaceous Crop(s)", "TLegend__6": "", "Shape_Leng": 0.0166666678324, "FID_MAR_ad": 3, "FID_Arable": 4873, "mar_gc_adg": 156453, "TYPE_1": "Region", "CCA_1": "", "mar_gc_a_2": 14, "mar_gc_a_3": "11498", "mar_gc_a_1": 13114}}, {"geometry": {"type": "Polygon", "coordinates": [[[-6.212499998276257, 34.906944444830344], [-6.215277775648758, 34.906944444830344], [-6.215277775648758, 34.91239946975975], [-6.213432699559405, 34.91241610002305], [-6.213429691327121, 34.912499999575346], [-6.212499998276257, 34.912499999575346], [-6.212499998276257, 34.91527777784722], [-6.20972222000438, 34.91527777784722], [-6.20972222000438, 34.909722222202845], [-6.212499998276257, 34.909722222202845], [-6.212499998276257, 34.906944444830344]]]}, "type": "Feature", "properties": {"NAME_0": "Morocco", "NAME_1": "Gharb - Chrarda - B\u00e9ni Hssen", "NL_NAME_1": "", "ISO": "MAR", "Shape_Area": 3.06939267164e-05, "VARNAME_1": "", "ENGTYPE_1": "Region", "TLegend__M": "20", "TLegend__L": "9Mixed Class", "ID_0": 152, "ID_1": 4, "CCN_1": 0, "HASC_1": "MA.GB", "TLegend__1": "1", "TLegend__3": "0", "TLegend__2": "0003 / 0004", "TLegend__5": "Mosaic cropland vegetation", "TLegend__4": "A11 / A12", "TLegend__7": "Cultivated and Managed Terrestrial Area(s)\r\n / Natural And Semi-Natural Primarily Terrestrial Vegetation", "TLegend__6": "", "Shape_Leng": 0.0277582676854, "FID_MAR_ad": 3, "FID_Arable": 4877, "mar_gc_adg": 312912, "TYPE_1": "Region", "CCA_1": "", "mar_gc_a_2": 20, "mar_gc_a_3": "0003 / 0004", "mar_gc_a_1": 13125}}, {"geometry": {"type": "Polygon", "coordinates": [[[-5.89583333104332, 34.912499999575346], [-5.89583333104332, 34.91527777784722], [-5.890277776298262, 34.91527777784722], [-5.890277776298262, 34.912499999575346], [-5.89583333104332, 34.912499999575346]]]}, "type": "Feature", "properties": {"NAME_0": "Morocco", "NAME_1": "Gharb - Chrarda - B\u00e9ni Hssen", "NL_NAME_1": "", "ISO": "MAR", "Shape_Area": 1.5432099259e-05, "VARNAME_1": "", "ENGTYPE_1": "Region", "TLegend__M": "14 - 15", "TLegend__L": "Error", "ID_0": 152, "ID_1": 4, "CCN_1": 0, "HASC_1": "MA.GB", "TLegend__1": "1", "TLegend__3": "0", "TLegend__2": "11498", "TLegend__5": "Rainfed cropland", "TLegend__4": "A3XXXXXXD1", "TLegend__7": "Rainfed Herbaceous Crop(s)", "TLegend__6": "", "Shape_Leng": 0.0166666660339, "FID_MAR_ad": 3, "FID_Arable": 4883, "mar_gc_adg": 156451, "TYPE_1": "Region", "CCA_1": "", "mar_gc_a_2": 14, "mar_gc_a_3": "11498", "mar_gc_a_1": 12997}}, {"geometry": {"type": "Polygon", "coordinates": [[[-6.1013888871873405, 34.912499999575346], [-6.1013888871873405, 34.91527777784722], [-6.095833331542963, 34.91527777784722], [-6.095833331542963, 34.912499999575346], [-6.1013888871873405, 34.912499999575346]]]}, "type": "Feature", "properties": {"NAME_0": "Morocco", "NAME_1": "Gharb - Chrarda - B\u00e9ni Hssen", "NL_NAME_1": "", "ISO": "MAR", "Shape_Area": 1.54321017572e-05, "VARNAME_1": "", "ENGTYPE_1": "Region", "TLegend__M": "20", "TLegend__L": "9Mixed Class", "ID_0": 152, "ID_1": 4, "CCN_1": 0, "HASC_1": "MA.GB", "TLegend__1": "1", "TLegend__3": "0", "TLegend__2": "0003 / 0004", "TLegend__5": "Mosaic cropland vegetation", "TLegend__4": "A11 / A12", "TLegend__7": "Cultivated and Managed Terrestrial Area(s)\r\n / Natural And Semi-Natural Primarily Terrestrial Vegetation", "TLegend__6": "", "Shape_Leng": 0.0166666678325, "FID_MAR_ad": 3, "FID_Arable": 4884, "mar_gc_adg": 156451, "TYPE_1": "Region", "CCA_1": "", "mar_gc_a_2": 20, "mar_gc_a_3": "0003 / 0004", "mar_gc_a_1": 13082}}, {"geometry": {"type": "Polygon", "coordinates": [[[-6.109722220204276, 34.90416666655847], [-6.109722220204276, 34.90138888918597], [-6.112499998476096, 34.90138888918597], [-6.112499998476096, 34.89861111091409], [-6.115277775848654, 34.89861111091409], [-6.115277775848654, 34.89583333354159], [-6.118055554120474, 34.89583333354159], [-6.120833331493031, 34.89583333354159], [-6.120833331493031, 34.89861111091409], [-6.123611108865532, 34.89861111091409], [-6.123611108865532, 34.90138888918597], [-6.120833331493031, 34.90138888918597], [-6.118055554120474, 34.90138888918597], [-6.118055554120474, 34.912499999575346], [-6.115277775848654, 34.912499999575346], [-6.112499998476096, 34.912499999575346], [-6.112499998476096, 34.90416666655847], [-6.109722220204276, 34.90416666655847]]]}, "type": "Feature", "properties": {"NAME_0": "Morocco", "NAME_1": "Gharb - Chrarda - B\u00e9ni Hssen", "NL_NAME_1": "", "ISO": "MAR", "Shape_Area": 0.000115740739445, "VARNAME_1": "", "ENGTYPE_1": "Region", "TLegend__M": "14 - 15", "TLegend__L": "Error", "ID_0": 152, "ID_1": 4, "CCN_1": 0, "HASC_1": "MA.GB", "TLegend__1": "1", "TLegend__3": "0", "TLegend__2": "11498", "TLegend__5": "Rainfed cropland", "TLegend__4": "A3XXXXXXD1", "TLegend__7": "Rainfed Herbaceous Crop(s)", "TLegend__6": "", "Shape_Leng": 0.06111110939, "FID_MAR_ad": 3, "FID_Arable": 4886, "mar_gc_adg": 1173527, "TYPE_1": "Region", "CCA_1": "", "mar_gc_a_2": 14, "mar_gc_a_3": "11498", "mar_gc_a_1": 13162}}, {"geometry": {"type": "Polygon", "coordinates": [[[-5.998611109115359, 34.909722222202845], [-6.004166664759737, 34.909722222202845], [-6.004166664759737, 34.912499999575346], [-5.998611109115359, 34.912499999575346], [-5.998611109115359, 34.909722222202845]]]}, "type": "Feature", "properties": {"NAME_0": "Morocco", "NAME_1": "Gharb - Chrarda - B\u00e9ni Hssen", "NL_NAME_1": "", "ISO": "MAR", "Shape_Area": 1.54320967606e-05, "VARNAME_1": "", "ENGTYPE_1": "Region", "TLegend__M": "20", "TLegend__L": "9Mixed Class", "ID_0": 152, "ID_1": 4, "CCN_1": 0, "HASC_1": "MA.GB", "TLegend__1": "1", "TLegend__3": "0", "TLegend__2": "0003 / 0004", "TLegend__5": "Mosaic cropland vegetation", "TLegend__4": "A11 / A12", "TLegend__7": "Cultivated and Managed Terrestrial Area(s)\r\n / Natural And Semi-Natural Primarily Terrestrial Vegetation", "TLegend__6": "", "Shape_Leng": 0.0166666660338, "FID_MAR_ad": 3, "FID_Arable": 4907, "mar_gc_adg": 156456, "TYPE_1": "Region", "CCA_1": "", "mar_gc_a_2": 20, "mar_gc_a_3": "0003 / 0004", "mar_gc_a_1": 13117}}, {"geometry": {"type": "Polygon", "coordinates": [[[-6.2791666651094715, 34.906944444830344], [-6.281944442481972, 34.906944444830344], [-6.281944442481972, 34.912499999575346], [-6.2791666651094715, 34.912499999575346], [-6.2791666651094715, 34.906944444830344]]]}, "type": "Feature", "properties": {"NAME_0": "Morocco", "NAME_1": "Gharb - Chrarda - B\u00e9ni Hssen", "NL_NAME_1": "", "ISO": "MAR", "Shape_Area": 1.54320942624e-05, "VARNAME_1": "", "ENGTYPE_1": "Region", "TLegend__M": "150", "TLegend__L": "9Mixed Class", "ID_0": 152, "ID_1": 4, "CCN_1": 0, "HASC_1": "MA.GB", "TLegend__1": "1", "TLegend__3": "0", "TLegend__2": "20049 // 20058", "TLegend__5": "Sparse vegetation", "TLegend__4": "A1A14 // A2A14", "TLegend__7": "Sparse Woody Vegetation\r\n // Herbaceous Sparse Vegetation", "TLegend__6": "", "Shape_Leng": 0.016666664235, "FID_MAR_ad": 3, "FID_Arable": 4910, "mar_gc_adg": 156459, "TYPE_1": "Region", "CCA_1": "", "mar_gc_a_2": 150, "mar_gc_a_3": "20049 // 20058", "mar_gc_a_1": 13220}}, {"geometry": {"type": "Polygon", "coordinates": [[[-6.065277775948573, 34.909722222202845], [-6.0624999985760155, 34.909722222202845], [-6.059722220304195, 34.909722222202845], [-6.059722220304195, 34.906944444830344], [-6.065277775948573, 34.906944444830344], [-6.065277775948573, 34.909722222202845]]]}, "type": "Feature", "properties": {"NAME_0": "Morocco", "NAME_1": "Gharb - Chrarda - B\u00e9ni Hssen", "NL_NAME_1": "", "ISO": "MAR", "Shape_Area": 1.54320967606e-05, "VARNAME_1": "", "ENGTYPE_1": "Region", "TLegend__M": "20", "TLegend__L": "9Mixed Class", "ID_0": 152, "ID_1": 4, "CCN_1": 0, "HASC_1": "MA.GB", "TLegend__1": "1", "TLegend__3": "0", "TLegend__2": "0003 / 0004", "TLegend__5": "Mosaic cropland vegetation", "TLegend__4": "A11 / A12", "TLegend__7": "Cultivated and Managed Terrestrial Area(s)\r\n / Natural And Semi-Natural Primarily Terrestrial Vegetation", "TLegend__6": "", "Shape_Leng": 0.0166666660338, "FID_MAR_ad": 3, "FID_Arable": 4927, "mar_gc_adg": 156461, "TYPE_1": "Region", "CCA_1": "", "mar_gc_a_2": 20, "mar_gc_a_3": "0003 / 0004", "mar_gc_a_1": 13214}}, {"geometry": {"type": "Polygon", "coordinates": [[[-6.006944443031557, 34.909722222202845], [-6.006944443031557, 34.90138888918597], [-6.012499997776615, 34.90138888918597], [-6.012499997776615, 34.90416666655847], [-6.015277776048492, 34.90416666655847], [-6.015277776048492, 34.906944444830344], [-6.0097222204041145, 34.906944444830344], [-6.0097222204041145, 34.909722222202845], [-6.006944443031557, 34.909722222202845]]]}, "type": "Feature", "properties": {"NAME_0": "Morocco", "NAME_1": "Gharb - Chrarda - B\u00e9ni Hssen", "NL_NAME_1": "", "ISO": "MAR", "Shape_Area": 4.62962927806e-05, "VARNAME_1": "", "ENGTYPE_1": "Region", "TLegend__M": "20", "TLegend__L": "9Mixed Class", "ID_0": 152, "ID_1": 4, "CCN_1": 0, "HASC_1": "MA.GB", "TLegend__1": "1", "TLegend__3": "0", "TLegend__2": "0003 / 0004", "TLegend__5": "Mosaic cropland vegetation", "TLegend__4": "A11 / A12", "TLegend__7": "Cultivated and Managed Terrestrial Area(s)\r\n / Natural And Semi-Natural Primarily Terrestrial Vegetation", "TLegend__6": "", "Shape_Leng": 0.0333333320676, "FID_MAR_ad": 3, "FID_Arable": 4930, "mar_gc_adg": 469402, "TYPE_1": "Region", "CCA_1": "", "mar_gc_a_2": 20, "mar_gc_a_3": "0003 / 0004", "mar_gc_a_1": 13193}}, {"geometry": {"type": "Polygon", "coordinates": [[[-5.801388886887594, 34.89583333354159], [-5.806944442531972, 34.89583333354159], [-5.806944442531972, 34.89305555526971], [-5.801388886887594, 34.89305555526971], [-5.801388886887594, 34.89027777789721], [-5.804166665159414, 34.89027777789721], [-5.804166665159414, 34.887499999625334], [-5.806944442531972, 34.887499999625334], [-5.806944442531972, 34.88472222225283], [-5.809722220803792, 34.88472222225283], [-5.809722220803792, 34.887499999625334], [-5.81527777554885, 34.887499999625334], [-5.81527777554885, 34.89027777789721], [-5.812499998176349, 34.89027777789721], [-5.809722220803792, 34.89027777789721], [-5.809722220803792, 34.89305555526971], [-5.809722220803792, 34.89583333354159], [-5.81527777554885, 34.89583333354159], [-5.81527777554885, 34.89305555526971], [-5.820833331193228, 34.89305555526971], [-5.823611109465105, 34.89305555526971], [-5.823611109465105, 34.89583333354159], [-5.823611109465105, 34.89861111091409], [-5.829166665109483, 34.89861111091409], [-5.829166665109483, 34.90138888918597], [-5.826388886837606, 34.90138888918597], [-5.826388886837606, 34.90416666655847], [-5.834722220753861, 34.90416666655847], [-5.834722220753861, 34.90138888918597], [-5.837499998126361, 34.90138888918597], [-5.837499998126361, 34.90416666655847], [-5.843055553770739, 34.90416666655847], [-5.843055553770739, 34.909722222202845], [-5.840277775498919, 34.909722222202845], [-5.840277775498919, 34.906944444830344], [-5.8319444424819835, 34.906944444830344], [-5.8319444424819835, 34.909722222202845], [-5.829166665109483, 34.909722222202845], [-5.812499998176349, 34.909722222202845], [-5.812499998176349, 34.906944444830344], [-5.81527777554885, 34.906944444830344], [-5.81527777554885, 34.90416666655847], [-5.809722220803792, 34.90416666655847], [-5.809722220803792, 34.90138888918597], [-5.804166665159414, 34.90138888918597], [-5.804166665159414, 34.89861111091409], [-5.801388886887594, 34.89861111091409], [-5.801388886887594, 34.89583333354159]]]}, "type": "Feature", "properties": {"NAME_0": "Morocco", "NAME_1": "Gharb - Chrarda - B\u00e9ni Hssen", "NL_NAME_1": "", "ISO": "MAR", "Shape_Area": 0.000416666677492, "VARNAME_1": "", "ENGTYPE_1": "Region", "TLegend__M": "20", "TLegend__L": "9Mixed Class", "ID_0": 152, "ID_1": 4, "CCN_1": 0, "HASC_1": "MA.GB", "TLegend__1": "1", "TLegend__3": "0", "TLegend__2": "0003 / 0004", "TLegend__5": "Mosaic cropland vegetation", "TLegend__4": "A11 / A12", "TLegend__7": "Cultivated and Managed Terrestrial Area(s)\r\n / Natural And Semi-Natural Primarily Terrestrial Vegetation", "TLegend__6": "", "Shape_Leng": 0.183333331768, "FID_MAR_ad": 3, "FID_Arable": 4935, "mar_gc_adg": 4224861, "TYPE_1": "Region", "CCA_1": "", "mar_gc_a_2": 20, "mar_gc_a_3": "0003 / 0004", "mar_gc_a_1": 13121}}, {"geometry": {"type": "Polygon", "coordinates": [[[-5.854166665059495, 34.906944444830344], [-5.854166665059495, 34.90416666655847], [-5.856944442432052, 34.90416666655847], [-5.856944442432052, 34.909722222202845], [-5.854166665059495, 34.909722222202845], [-5.854166665059495, 34.906944444830344]]]}, "type": "Feature", "properties": {"NAME_0": "Morocco", "NAME_1": "Gharb - Chrarda - B\u00e9ni Hssen", "NL_NAME_1": "", "ISO": "MAR", "Shape_Area": 1.54320967609e-05, "VARNAME_1": "", "ENGTYPE_1": "Region", "TLegend__M": "14 - 15", "TLegend__L": "Error", "ID_0": 152, "ID_1": 4, "CCN_1": 0, "HASC_1": "MA.GB", "TLegend__1": "1", "TLegend__3": "0", "TLegend__2": "11498", "TLegend__5": "Rainfed cropland", "TLegend__4": "A3XXXXXXD1", "TLegend__7": "Rainfed Herbaceous Crop(s)", "TLegend__6": "", "Shape_Leng": 0.0166666660339, "FID_MAR_ad": 3, "FID_Arable": 4940, "mar_gc_adg": 156464, "TYPE_1": "Region", "CCA_1": "", "mar_gc_a_2": 14, "mar_gc_a_3": "11498", "mar_gc_a_1": 13134}}, {"geometry": {"type": "Polygon", "coordinates": [[[-5.929166664909587, 34.90416666655847], [-5.931944442282145, 34.90416666655847], [-5.931944442282145, 34.909722222202845], [-5.926388886637767, 34.909722222202845], [-5.926388886637767, 34.906944444830344], [-5.929166664909587, 34.906944444830344], [-5.929166664909587, 34.90416666655847]]]}, "type": "Feature", "properties": {"NAME_0": "Morocco", "NAME_1": "Gharb - Chrarda - B\u00e9ni Hssen", "NL_NAME_1": "", "ISO": "MAR", "Shape_Area": 2.31481463902e-05, "VARNAME_1": "", "ENGTYPE_1": "Region", "TLegend__M": "14 - 15", "TLegend__L": "Error", "ID_0": 152, "ID_1": 4, "CCN_1": 0, "HASC_1": "MA.GB", "TLegend__1": "1", "TLegend__3": "0", "TLegend__2": "11498", "TLegend__5": "Rainfed cropland", "TLegend__4": "A3XXXXXXD1", "TLegend__7": "Rainfed Herbaceous Crop(s)", "TLegend__6": "", "Shape_Leng": 0.0222222225775, "FID_MAR_ad": 3, "FID_Arable": 4943, "mar_gc_adg": 234694, "TYPE_1": "Region", "CCA_1": "", "mar_gc_a_2": 14, "mar_gc_a_3": "11498", "mar_gc_a_1": 13166}}, {"geometry": {"type": "Polygon", "coordinates": [[[-6.126388887137409, 34.90416666655847], [-6.131944442781787, 34.90416666655847], [-6.131944442781787, 34.906944444830344], [-6.126388887137409, 34.906944444830344], [-6.126388887137409, 34.90416666655847]]]}, "type": "Feature", "properties": {"NAME_0": "Morocco", "NAME_1": "Gharb - Chrarda - B\u00e9ni Hssen", "NL_NAME_1": "", "ISO": "MAR", "Shape_Area": 1.54321017572e-05, "VARNAME_1": "", "ENGTYPE_1": "Region", "TLegend__M": "14 - 15", "TLegend__L": "Error", "ID_0": 152, "ID_1": 4, "CCN_1": 0, "HASC_1": "MA.GB", "TLegend__1": "1", "TLegend__3": "0", "TLegend__2": "11498", "TLegend__5": "Rainfed cropland", "TLegend__4": "A3XXXXXXD1", "TLegend__7": "Rainfed Herbaceous Crop(s)", "TLegend__6": "", "Shape_Leng": 0.0166666678325, "FID_MAR_ad": 3, "FID_Arable": 4951, "mar_gc_adg": 156466, "TYPE_1": "Region", "CCA_1": "", "mar_gc_a_2": 14, "mar_gc_a_3": "11498", "mar_gc_a_1": 13314}}, {"geometry": {"type": "Polygon", "coordinates": [[[-6.09861110891552, 34.90138888918597], [-6.104166664559898, 34.90138888918597], [-6.104166664559898, 34.90416666655847], [-6.1013888871873405, 34.90416666655847], [-6.1013888871873405, 34.906944444830344], [-6.093055553271142, 34.906944444830344], [-6.093055553271142, 34.90416666655847], [-6.09861110891552, 34.90416666655847], [-6.09861110891552, 34.90138888918597]]]}, "type": "Feature", "properties": {"NAME_0": "Morocco", "NAME_1": "Gharb - Chrarda - B\u00e9ni Hssen", "NL_NAME_1": "", "ISO": "MAR", "Shape_Area": 3.85802506453e-05, "VARNAME_1": "", "ENGTYPE_1": "Region", "TLegend__M": "20", "TLegend__L": "9Mixed Class", "ID_0": 152, "ID_1": 4, "CCN_1": 0, "HASC_1": "MA.GB", "TLegend__1": "1", "TLegend__3": "0", "TLegend__2": "0003 / 0004", "TLegend__5": "Mosaic cropland vegetation", "TLegend__4": "A11 / A12", "TLegend__7": "Cultivated and Managed Terrestrial Area(s)\r\n / Natural And Semi-Natural Primarily Terrestrial Vegetation", "TLegend__6": "", "Shape_Leng": 0.0333333338663, "FID_MAR_ad": 3, "FID_Arable": 4953, "mar_gc_adg": 391171, "TYPE_1": "Region", "CCA_1": "", "mar_gc_a_2": 20, "mar_gc_a_3": "0003 / 0004", "mar_gc_a_1": 13302}}, {"geometry": {"type": "Polygon", "coordinates": [[[-6.029166664709749, 34.906944444830344], [-6.029166664709749, 34.90416666655847], [-6.026388887337248, 34.90416666655847], [-6.026388887337248, 34.90138888918597], [-6.029166664709749, 34.90138888918597], [-6.029166664709749, 34.89583333354159], [-6.031944442981626, 34.89583333354159], [-6.031944442981626, 34.89861111091409], [-6.034722220354126, 34.89861111091409], [-6.034722220354126, 34.90416666655847], [-6.031944442981626, 34.90416666655847], [-6.031944442981626, 34.906944444830344], [-6.029166664709749, 34.906944444830344]]]}, "type": "Feature", "properties": {"NAME_0": "Morocco", "NAME_1": "Gharb - Chrarda - B\u00e9ni Hssen", "NL_NAME_1": "", "ISO": "MAR", "Shape_Area": 5.40123474061e-05, "VARNAME_1": "", "ENGTYPE_1": "Region", "TLegend__M": "20", "TLegend__L": "9Mixed Class", "ID_0": 152, "ID_1": 4, "CCN_1": 0, "HASC_1": "MA.GB", "TLegend__1": "1", "TLegend__3": "0", "TLegend__2": "0003 / 0004", "TLegend__5": "Mosaic cropland vegetation", "TLegend__4": "A11 / A12", "TLegend__7": "Cultivated and Managed Terrestrial Area(s)\r\n / Natural And Semi-Natural Primarily Terrestrial Vegetation", "TLegend__6": "", "Shape_Leng": 0.0388888886113, "FID_MAR_ad": 3, "FID_Arable": 4969, "mar_gc_adg": 547659, "TYPE_1": "Region", "CCA_1": "", "mar_gc_a_2": 20, "mar_gc_a_3": "0003 / 0004", "mar_gc_a_1": 13279}}, {"geometry": {"type": "Polygon", "coordinates": [[[-5.934722220553965, 34.90416666655847], [-5.934722220553965, 34.90138888918597], [-5.937499997926523, 34.90138888918597], [-5.937499997926523, 34.90416666655847], [-5.940277776198343, 34.90416666655847], [-5.940277776198343, 34.906944444830344], [-5.934722220553965, 34.906944444830344], [-5.934722220553965, 34.90416666655847]]]}, "type": "Feature", "properties": {"NAME_0": "Morocco", "NAME_1": "Gharb - Chrarda - B\u00e9ni Hssen", "NL_NAME_1": "", "ISO": "MAR", "Shape_Area": 2.31481488885e-05, "VARNAME_1": "", "ENGTYPE_1": "Region", "TLegend__M": "20", "TLegend__L": "9Mixed Class", "ID_0": 152, "ID_1": 4, "CCN_1": 0, "HASC_1": "MA.GB", "TLegend__1": "1", "TLegend__3": "0", "TLegend__2": "0003 / 0004", "TLegend__5": "Mosaic cropland vegetation", "TLegend__4": "A11 / A12", "TLegend__7": "Cultivated and Managed Terrestrial Area(s)\r\n / Natural And Semi-Natural Primarily Terrestrial Vegetation", "TLegend__6": "", "Shape_Leng": 0.0222222225775, "FID_MAR_ad": 3, "FID_Arable": 4970, "mar_gc_adg": 234702, "TYPE_1": "Region", "CCA_1": "", "mar_gc_a_2": 20, "mar_gc_a_3": "0003 / 0004", "mar_gc_a_1": 13240}}, {"geometry": {"type": "Polygon", "coordinates": [[[-6.109722220204276, 34.90138888918597], [-6.109722220204276, 34.90416666655847], [-6.109722220204276, 34.906944444830344], [-6.106944442831718, 34.906944444830344], [-6.106944442831718, 34.89861111091409], [-6.109722220204276, 34.89861111091409], [-6.109722220204276, 34.90138888918597]]]}, "type": "Feature", "properties": {"NAME_0": "Morocco", "NAME_1": "Gharb - Chrarda - B\u00e9ni Hssen", "NL_NAME_1": "", "ISO": "MAR", "Shape_Area": 2.31481463905e-05, "VARNAME_1": "", "ENGTYPE_1": "Region", "TLegend__M": "20", "TLegend__L": "9Mixed Class", "ID_0": 152, "ID_1": 4, "CCN_1": 0, "HASC_1": "MA.GB", "TLegend__1": "1", "TLegend__3": "0", "TLegend__2": "0003 / 0004", "TLegend__5": "Mosaic cropland vegetation", "TLegend__4": "A11 / A12", "TLegend__7": "Cultivated and Managed Terrestrial Area(s)\r\n / Natural And Semi-Natural Primarily Terrestrial Vegetation", "TLegend__6": "", "Shape_Leng": 0.0222222225776, "FID_MAR_ad": 3, "FID_Arable": 4976, "mar_gc_adg": 234707, "TYPE_1": "Region", "CCA_1": "", "mar_gc_a_2": 20, "mar_gc_a_3": "0003 / 0004", "mar_gc_a_1": 13308}}, {"geometry": {"type": "Polygon", "coordinates": [[[-6.187499998326189, 34.89861111091409], [-6.190277775698746, 34.89861111091409], [-6.190277775698746, 34.90416666655847], [-6.184722220054368, 34.90416666655847], [-6.184722220054368, 34.89861111091409], [-6.187499998326189, 34.89861111091409]]]}, "type": "Feature", "properties": {"NAME_0": "Morocco", "NAME_1": "Gharb - Chrarda - B\u00e9ni Hssen", "NL_NAME_1": "", "ISO": "MAR", "Shape_Area": 3.08641985178e-05, "VARNAME_1": "", "ENGTYPE_1": "Region", "TLegend__M": "20", "TLegend__L": "9Mixed Class", "ID_0": 152, "ID_1": 4, "CCN_1": 0, "HASC_1": "MA.GB", "TLegend__1": "1", "TLegend__3": "0", "TLegend__2": "0003 / 0004", "TLegend__5": "Mosaic cropland vegetation", "TLegend__4": "A11 / A12", "TLegend__7": "Cultivated and Managed Terrestrial Area(s)\r\n / Natural And Semi-Natural Primarily Terrestrial Vegetation", "TLegend__6": "", "Shape_Leng": 0.0222222225775, "FID_MAR_ad": 3, "FID_Arable": 4978, "mar_gc_adg": 312948, "TYPE_1": "Region", "CCA_1": "", "mar_gc_a_2": 20, "mar_gc_a_3": "0003 / 0004", "mar_gc_a_1": 13427}}, {"geometry": {"type": "Polygon", "coordinates": [[[-6.0624999985760155, 34.89583333354159], [-6.0624999985760155, 34.89861111091409], [-6.059722220304195, 34.89861111091409], [-6.059722220304195, 34.90138888918597], [-6.056944442931638, 34.90138888918597], [-6.056944442931638, 34.89861111091409], [-6.054166664659817, 34.89861111091409], [-6.054166664659817, 34.90138888918597], [-6.05138888728726, 34.90138888918597], [-6.05138888728726, 34.90416666655847], [-6.045833331642882, 34.90416666655847], [-6.045833331642882, 34.89583333354159], [-6.0486111090154395, 34.89583333354159], [-6.054166664659817, 34.89583333354159], [-6.054166664659817, 34.89305555526971], [-6.056944442931638, 34.89305555526971], [-6.056944442931638, 34.89583333354159], [-6.0624999985760155, 34.89583333354159]]]}, "type": "Feature", "properties": {"NAME_0": "Morocco", "NAME_1": "Gharb - Chrarda - B\u00e9ni Hssen", "NL_NAME_1": "", "ISO": "MAR", "Shape_Area": 0.000100308640186, "VARNAME_1": "", "ENGTYPE_1": "Region", "TLegend__M": "20", "TLegend__L": "9Mixed Class", "ID_0": 152, "ID_1": 4, "CCN_1": 0, "HASC_1": "MA.GB", "TLegend__1": "1", "TLegend__3": "0", "TLegend__2": "0003 / 0004", "TLegend__5": "Mosaic cropland vegetation", "TLegend__4": "A11 / A12", "TLegend__7": "Cultivated and Managed Terrestrial Area(s)\r\n / Natural And Semi-Natural Primarily Terrestrial Vegetation", "TLegend__6": "", "Shape_Leng": 0.0611111129875, "FID_MAR_ad": 3, "FID_Arable": 4980, "mar_gc_adg": 1017115, "TYPE_1": "Region", "CCA_1": "", "mar_gc_a_2": 20, "mar_gc_a_3": "0003 / 0004", "mar_gc_a_1": 13361}}, {"geometry": {"type": "Polygon", "coordinates": [[[-5.795833331243216, 34.90138888918597], [-5.801388886887594, 34.90138888918597], [-5.801388886887594, 34.90416666655847], [-5.795833331243216, 34.90416666655847], [-5.795833331243216, 34.90138888918597]]]}, "type": "Feature", "properties": {"NAME_0": "Morocco", "NAME_1": "Gharb - Chrarda - B\u00e9ni Hssen", "NL_NAME_1": "", "ISO": "MAR", "Shape_Area": 1.54320967606e-05, "VARNAME_1": "", "ENGTYPE_1": "Region", "TLegend__M": "20", "TLegend__L": "9Mixed Class", "ID_0": 152, "ID_1": 4, "CCN_1": 0, "HASC_1": "MA.GB", "TLegend__1": "1", "TLegend__3": "0", "TLegend__2": "0003 / 0004", "TLegend__5": "Mosaic cropland vegetation", "TLegend__4": "A11 / A12", "TLegend__7": "Cultivated and Managed Terrestrial Area(s)\r\n / Natural And Semi-Natural Primarily Terrestrial Vegetation", "TLegend__6": "", "Shape_Leng": 0.0166666660338, "FID_MAR_ad": 3, "FID_Arable": 4982, "mar_gc_adg": 156472, "TYPE_1": "Region", "CCA_1": "", "mar_gc_a_2": 20, "mar_gc_a_3": "0003 / 0004", "mar_gc_a_1": 13260}}, {"geometry": {"type": "Polygon", "coordinates": [[[-6.123611108865532, 34.90138888918597], [-6.123611108865532, 34.89861111091409], [-6.126388887137409, 34.89861111091409], [-6.126388887137409, 34.90138888918597], [-6.12916666450991, 34.90138888918597], [-6.12916666450991, 34.89583333354159], [-6.126388887137409, 34.89583333354159], [-6.126388887137409, 34.89305555526971], [-6.123611108865532, 34.89305555526971], [-6.123611108865532, 34.89027777789721], [-6.126388887137409, 34.89027777789721], [-6.131944442781787, 34.89027777789721], [-6.131944442781787, 34.90416666655847], [-6.126388887137409, 34.90416666655847], [-6.123611108865532, 34.90416666655847], [-6.123611108865532, 34.90138888918597]]]}, "type": "Feature", "properties": {"NAME_0": "Morocco", "NAME_1": "Gharb - Chrarda - B\u00e9ni Hssen", "NL_NAME_1": "", "ISO": "MAR", "Shape_Area": 8.48765484222e-05, "VARNAME_1": "", "ENGTYPE_1": "Region", "TLegend__M": "20", "TLegend__L": "9Mixed Class", "ID_0": 152, "ID_1": 4, "CCN_1": 0, "HASC_1": "MA.GB", "TLegend__1": "1", "TLegend__3": "0", "TLegend__2": "0003 / 0004", "TLegend__5": "Mosaic cropland vegetation", "TLegend__4": "A11 / A12", "TLegend__7": "Cultivated and Managed Terrestrial Area(s)\r\n / Natural And Semi-Natural Primarily Terrestrial Vegetation", "TLegend__6": "", "Shape_Leng": 0.0611111129875, "FID_MAR_ad": 3, "FID_Arable": 4993, "mar_gc_adg": 860651, "TYPE_1": "Region", "CCA_1": "", "mar_gc_a_2": 20, "mar_gc_a_3": "0003 / 0004", "mar_gc_a_1": 13396}}, {"geometry": {"type": "Polygon", "coordinates": [[[-6.198611109614944, 34.90416666655847], [-6.198611109614944, 34.90138888918597], [-6.195833331343124, 34.90138888918597], [-6.195833331343124, 34.89861111091409], [-6.198611109614944, 34.89861111091409], [-6.198611109614944, 34.89305555526971], [-6.204166665259322, 34.89305555526971], [-6.204166665259322, 34.89583333354159], [-6.201388886987502, 34.89583333354159], [-6.201388886987502, 34.90138888918597], [-6.204166665259322, 34.90138888918597], [-6.204166665259322, 34.90416666655847], [-6.198611109614944, 34.90416666655847]]]}, "type": "Feature", "properties": {"NAME_0": "Morocco", "NAME_1": "Gharb - Chrarda - B\u00e9ni Hssen", "NL_NAME_1": "", "ISO": "MAR", "Shape_Area": 5.40123474063e-05, "VARNAME_1": "", "ENGTYPE_1": "Region", "TLegend__M": "20", "TLegend__L": "9Mixed Class", "ID_0": 152, "ID_1": 4, "CCN_1": 0, "HASC_1": "MA.GB", "TLegend__1": "1", "TLegend__3": "0", "TLegend__2": "0003 / 0004", "TLegend__5": "Mosaic cropland vegetation", "TLegend__4": "A11 / A12", "TLegend__7": "Cultivated and Managed Terrestrial Area(s)\r\n / Natural And Semi-Natural Primarily Terrestrial Vegetation", "TLegend__6": "", "Shape_Leng": 0.0444444469535, "FID_MAR_ad": 3, "FID_Arable": 5003, "mar_gc_adg": 547677, "TYPE_1": "Region", "CCA_1": "", "mar_gc_a_2": 20, "mar_gc_a_3": "0003 / 0004", "mar_gc_a_1": 13434}}, {"geometry": {"type": "Polygon", "coordinates": [[[-5.918055553620832, 34.89305555526971], [-5.9236111092652095, 34.89305555526971], [-5.9236111092652095, 34.89583333354159], [-5.920833331892709, 34.89583333354159], [-5.920833331892709, 34.89861111091409], [-5.918055553620832, 34.89861111091409], [-5.918055553620832, 34.90138888918597], [-5.915277776248331, 34.90138888918597], [-5.915277776248331, 34.89583333354159], [-5.918055553620832, 34.89583333354159], [-5.918055553620832, 34.89305555526971]]]}, "type": "Feature", "properties": {"NAME_0": "Morocco", "NAME_1": "Gharb - Chrarda - B\u00e9ni Hssen", "NL_NAME_1": "", "ISO": "MAR", "Shape_Area": 3.85802481472e-05, "VARNAME_1": "", "ENGTYPE_1": "Region", "TLegend__M": "20", "TLegend__L": "9Mixed Class", "ID_0": 152, "ID_1": 4, "CCN_1": 0, "HASC_1": "MA.GB", "TLegend__1": "1", "TLegend__3": "0", "TLegend__2": "0003 / 0004", "TLegend__5": "Mosaic cropland vegetation", "TLegend__4": "A11 / A12", "TLegend__7": "Cultivated and Managed Terrestrial Area(s)\r\n / Natural And Semi-Natural Primarily Terrestrial Vegetation", "TLegend__6": "", "Shape_Leng": 0.0333333338663, "FID_MAR_ad": 3, "FID_Arable": 5009, "mar_gc_adg": 391208, "TYPE_1": "Region", "CCA_1": "", "mar_gc_a_2": 20, "mar_gc_a_3": "0003 / 0004", "mar_gc_a_1": 13390}}, {"geometry": {"type": "Polygon", "coordinates": [[[-6.123611108865532, 34.89861111091409], [-6.123611108865532, 34.89305555526971], [-6.126388887137409, 34.89305555526971], [-6.126388887137409, 34.89583333354159], [-6.12916666450991, 34.89583333354159], [-6.12916666450991, 34.90138888918597], [-6.126388887137409, 34.90138888918597], [-6.126388887137409, 34.89861111091409], [-6.123611108865532, 34.89861111091409]]]}, "type": "Feature", "properties": {"NAME_0": "Morocco", "NAME_1": "Gharb - Chrarda - B\u00e9ni Hssen", "NL_NAME_1": "", "ISO": "MAR", "Shape_Area": 3.08641985178e-05, "VARNAME_1": "", "ENGTYPE_1": "Region", "TLegend__M": "14 - 15", "TLegend__L": "Error", "ID_0": 152, "ID_1": 4, "CCN_1": 0, "HASC_1": "MA.GB", "TLegend__1": "1", "TLegend__3": "0", "TLegend__2": "11498", "TLegend__5": "Rainfed cropland", "TLegend__4": "A3XXXXXXD1", "TLegend__7": "Rainfed Herbaceous Crop(s)", "TLegend__6": "", "Shape_Leng": 0.0277777791213, "FID_MAR_ad": 3, "FID_Arable": 5012, "mar_gc_adg": 312964, "TYPE_1": "Region", "CCA_1": "", "mar_gc_a_2": 14, "mar_gc_a_3": "11498", "mar_gc_a_1": 13487}}, {"geometry": {"type": "Polygon", "coordinates": [[[-5.86527777634825, 34.89583333354159], [-5.86527777634825, 34.89861111091409], [-5.86527777634825, 34.90138888918597], [-5.859722220703873, 34.90138888918597], [-5.859722220703873, 34.89861111091409], [-5.86249999807643, 34.89861111091409], [-5.86249999807643, 34.89583333354159], [-5.86527777634825, 34.89583333354159]]]}, "type": "Feature", "properties": {"NAME_0": "Morocco", "NAME_1": "Gharb - Chrarda - B\u00e9ni Hssen", "NL_NAME_1": "", "ISO": "MAR", "Shape_Area": 2.31481513864e-05, "VARNAME_1": "", "ENGTYPE_1": "Region", "TLegend__M": "14 - 15", "TLegend__L": "Error", "ID_0": 152, "ID_1": 4, "CCN_1": 0, "HASC_1": "MA.GB", "TLegend__1": "1", "TLegend__3": "0", "TLegend__2": "11498", "TLegend__5": "Rainfed cropland", "TLegend__4": "A3XXXXXXD1", "TLegend__7": "Rainfed Herbaceous Crop(s)", "TLegend__6": "", "Shape_Leng": 0.0222222225775, "FID_MAR_ad": 3, "FID_Arable": 5018, "mar_gc_adg": 234718, "TYPE_1": "Region", "CCA_1": "", "mar_gc_a_2": 14, "mar_gc_a_3": "11498", "mar_gc_a_1": 13368}}, {"geometry": {"type": "Polygon", "coordinates": [[[-5.829166665109483, 34.89861111091409], [-5.823611109465105, 34.89861111091409], [-5.823611109465105, 34.89583333354159], [-5.823611109465105, 34.89305555526971], [-5.826388886837606, 34.89305555526971], [-5.826388886837606, 34.89583333354159], [-5.829166665109483, 34.89583333354159], [-5.8319444424819835, 34.89583333354159], [-5.837499998126361, 34.89583333354159], [-5.837499998126361, 34.89305555526971], [-5.843055553770739, 34.89305555526971], [-5.843055553770739, 34.89583333354159], [-5.845833331143297, 34.89583333354159], [-5.845833331143297, 34.89861111091409], [-5.843055553770739, 34.89861111091409], [-5.837499998126361, 34.89861111091409], [-5.837499998126361, 34.90138888918597], [-5.834722220753861, 34.90138888918597], [-5.834722220753861, 34.89861111091409], [-5.829166665109483, 34.89861111091409]]]}, "type": "Feature", "properties": {"NAME_0": "Morocco", "NAME_1": "Gharb - Chrarda - B\u00e9ni Hssen", "NL_NAME_1": "", "ISO": "MAR", "Shape_Area": 9.25925855604e-05, "VARNAME_1": "", "ENGTYPE_1": "Region", "TLegend__M": "14 - 15", "TLegend__L": "Error", "ID_0": 152, "ID_1": 4, "CCN_1": 0, "HASC_1": "MA.GB", "TLegend__1": "1", "TLegend__3": "0", "TLegend__2": "11498", "TLegend__5": "Rainfed cropland", "TLegend__4": "A3XXXXXXD1", "TLegend__7": "Rainfed Herbaceous Crop(s)", "TLegend__6": "", "Shape_Leng": 0.0666666677326, "FID_MAR_ad": 3, "FID_Arable": 5025, "mar_gc_adg": 938897, "TYPE_1": "Region", "CCA_1": "", "mar_gc_a_2": 14, "mar_gc_a_3": "11498", "mar_gc_a_1": 13352}}, {"geometry": {"type": "Polygon", "coordinates": [[[-6.265277775548839, 34.89861111091409], [-6.2708333311932165, 34.89861111091409], [-6.2708333311932165, 34.90138888918597], [-6.265277775548839, 34.90138888918597], [-6.265277775548839, 34.89861111091409]]]}, "type": "Feature", "properties": {"NAME_0": "Morocco", "NAME_1": "Gharb - Chrarda - B\u00e9ni Hssen", "NL_NAME_1": "", "ISO": "MAR", "Shape_Area": 1.54321017572e-05, "VARNAME_1": "", "ENGTYPE_1": "Region", "TLegend__M": "20", "TLegend__L": "9Mixed Class", "ID_0": 152, "ID_1": 4, "CCN_1": 0, "HASC_1": "MA.GB", "TLegend__1": "1", "TLegend__3": "0", "TLegend__2": "0003 / 0004", "TLegend__5": "Mosaic cropland vegetation", "TLegend__4": "A11 / A12", "TLegend__7": "Cultivated and Managed Terrestrial Area(s)\r\n / Natural And Semi-Natural Primarily Terrestrial Vegetation", "TLegend__6": "", "Shape_Leng": 0.0166666678325, "FID_MAR_ad": 3, "FID_Arable": 5036, "mar_gc_adg": 156477, "TYPE_1": "Region", "CCA_1": "", "mar_gc_a_2": 20, "mar_gc_a_3": "0003 / 0004", "mar_gc_a_1": 13546}}, {"geometry": {"type": "Polygon", "coordinates": [[[-5.749357135023729, 34.89583333354159], [-5.751388886987513, 34.89583333354159], [-5.751388886987513, 34.897874286469175], [-5.749357135023729, 34.89583333354159]]]}, "type": "Feature", "properties": {"NAME_0": "Morocco", "NAME_1": "Gharb - Chrarda - B\u00e9ni Hssen", "NL_NAME_1": "", "ISO": "MAR", "Shape_Area": 2.07335505931e-06, "VARNAME_1": "", "ENGTYPE_1": "Region", "TLegend__M": "150", "TLegend__L": "9Mixed Class", "ID_0": 152, "ID_1": 4, "CCN_1": 0, "HASC_1": "MA.GB", "TLegend__1": "1", "TLegend__3": "0", "TLegend__2": "20049 // 20058", "TLegend__5": "Sparse vegetation", "TLegend__4": "A1A14 // A2A14", "TLegend__7": "Sparse Woody Vegetation\r\n // Herbaceous Sparse Vegetation", "TLegend__6": "", "Shape_Leng": 0.006952549487, "FID_MAR_ad": 3, "FID_Arable": 5039, "mar_gc_adg": 156482, "TYPE_1": "Region", "CCA_1": "", "mar_gc_a_2": 150, "mar_gc_a_3": "20049 // 20058", "mar_gc_a_1": 13401}}, {"geometry": {"type": "Polygon", "coordinates": [[[-6.1013888871873405, 34.89305555526971], [-6.1013888871873405, 34.89583333354159], [-6.09861110891552, 34.89583333354159], [-6.09861110891552, 34.89861111091409], [-6.093055553271142, 34.89861111091409], [-6.093055553271142, 34.89583333354159], [-6.095833331542963, 34.89583333354159], [-6.095833331542963, 34.89305555526971], [-6.1013888871873405, 34.89305555526971]]]}, "type": "Feature", "properties": {"NAME_0": "Morocco", "NAME_1": "Gharb - Chrarda - B\u00e9ni Hssen", "NL_NAME_1": "", "ISO": "MAR", "Shape_Area": 3.08641985178e-05, "VARNAME_1": "", "ENGTYPE_1": "Region", "TLegend__M": "20", "TLegend__L": "9Mixed Class", "ID_0": 152, "ID_1": 4, "CCN_1": 0, "HASC_1": "MA.GB", "TLegend__1": "1", "TLegend__3": "0", "TLegend__2": "0003 / 0004", "TLegend__5": "Mosaic cropland vegetation", "TLegend__4": "A11 / A12", "TLegend__7": "Cultivated and Managed Terrestrial Area(s)\r\n / Natural And Semi-Natural Primarily Terrestrial Vegetation", "TLegend__6": "", "Shape_Leng": 0.0277777791212, "FID_MAR_ad": 3, "FID_Arable": 5042, "mar_gc_adg": 312969, "TYPE_1": "Region", "CCA_1": "", "mar_gc_a_2": 20, "mar_gc_a_3": "0003 / 0004", "mar_gc_a_1": 13550}}, {"geometry": {"type": "Polygon", "coordinates": [[[-5.781944442581903, 34.89583333354159], [-5.781944442581903, 34.89861111091409], [-5.776388886937525, 34.89861111091409], [-5.776388886937525, 34.89583333354159], [-5.779166665209402, 34.89583333354159], [-5.781944442581903, 34.89583333354159]]]}, "type": "Feature", "properties": {"NAME_0": "Morocco", "NAME_1": "Gharb - Chrarda - B\u00e9ni Hssen", "NL_NAME_1": "", "ISO": "MAR", "Shape_Area": 1.54320967606e-05, "VARNAME_1": "", "ENGTYPE_1": "Region", "TLegend__M": "20", "TLegend__L": "9Mixed Class", "ID_0": 152, "ID_1": 4, "CCN_1": 0, "HASC_1": "MA.GB", "TLegend__1": "1", "TLegend__3": "0", "TLegend__2": "0003 / 0004", "TLegend__5": "Mosaic cropland vegetation", "TLegend__4": "A11 / A12", "TLegend__7": "Cultivated and Managed Terrestrial Area(s)\r\n / Natural And Semi-Natural Primarily Terrestrial Vegetation", "TLegend__6": "", "Shape_Leng": 0.0166666660338, "FID_MAR_ad": 3, "FID_Arable": 5045, "mar_gc_adg": 156482, "TYPE_1": "Region", "CCA_1": "", "mar_gc_a_2": 20, "mar_gc_a_3": "0003 / 0004", "mar_gc_a_1": 13411}}, {"geometry": {"type": "Polygon", "coordinates": [[[-5.795833331243216, 34.89305555526971], [-5.798611109515036, 34.89305555526971], [-5.801388886887594, 34.89305555526971], [-5.801388886887594, 34.89583333354159], [-5.798611109515036, 34.89583333354159], [-5.798611109515036, 34.89861111091409], [-5.795833331243216, 34.89861111091409], [-5.795833331243216, 34.89305555526971]]]}, "type": "Feature", "properties": {"NAME_0": "Morocco", "NAME_1": "Gharb - Chrarda - B\u00e9ni Hssen", "NL_NAME_1": "", "ISO": "MAR", "Shape_Area": 2.31481513864e-05, "VARNAME_1": "", "ENGTYPE_1": "Region", "TLegend__M": "20", "TLegend__L": "9Mixed Class", "ID_0": 152, "ID_1": 4, "CCN_1": 0, "HASC_1": "MA.GB", "TLegend__1": "1", "TLegend__3": "0", "TLegend__2": "0003 / 0004", "TLegend__5": "Mosaic cropland vegetation", "TLegend__4": "A11 / A12", "TLegend__7": "Cultivated and Managed Terrestrial Area(s)\r\n / Natural And Semi-Natural Primarily Terrestrial Vegetation", "TLegend__6": "", "Shape_Leng": 0.0222222225775, "FID_MAR_ad": 3, "FID_Arable": 5050, "mar_gc_adg": 234728, "TYPE_1": "Region", "CCA_1": "", "mar_gc_a_2": 20, "mar_gc_a_3": "0003 / 0004", "mar_gc_a_1": 13426}}, {"geometry": {"type": "Polygon", "coordinates": [[[-6.190277775698746, 34.89861111091409], [-6.187499998326189, 34.89861111091409], [-6.187499998326189, 34.89583333354159], [-6.1930555539705665, 34.89583333354159], [-6.1930555539705665, 34.89861111091409], [-6.190277775698746, 34.89861111091409]]]}, "type": "Feature", "properties": {"NAME_0": "Morocco", "NAME_1": "Gharb - Chrarda - B\u00e9ni Hssen", "NL_NAME_1": "", "ISO": "MAR", "Shape_Area": 1.54320967606e-05, "VARNAME_1": "", "ENGTYPE_1": "Region", "TLegend__M": "14 - 15", "TLegend__L": "Error", "ID_0": 152, "ID_1": 4, "CCN_1": 0, "HASC_1": "MA.GB", "TLegend__1": "1", "TLegend__3": "0", "TLegend__2": "11498", "TLegend__5": "Rainfed cropland", "TLegend__4": "A3XXXXXXD1", "TLegend__7": "Rainfed Herbaceous Crop(s)", "TLegend__6": "", "Shape_Leng": 0.0166666660338, "FID_MAR_ad": 3, "FID_Arable": 5053, "mar_gc_adg": 156482, "TYPE_1": "Region", "CCA_1": "", "mar_gc_a_2": 14, "mar_gc_a_3": "11498", "mar_gc_a_1": 13588}}, {"geometry": {"type": "Polygon", "coordinates": [[[-6.118055554120474, 34.89583333354159], [-6.118055554120474, 34.89305555526971], [-6.123611108865532, 34.89305555526971], [-6.123611108865532, 34.89861111091409], [-6.120833331493031, 34.89861111091409], [-6.120833331493031, 34.89583333354159], [-6.118055554120474, 34.89583333354159]]]}, "type": "Feature", "properties": {"NAME_0": "Morocco", "NAME_1": "Gharb - Chrarda - B\u00e9ni Hssen", "NL_NAME_1": "", "ISO": "MAR", "Shape_Area": 2.31481463902e-05, "VARNAME_1": "", "ENGTYPE_1": "Region", "TLegend__M": "20", "TLegend__L": "9Mixed Class", "ID_0": 152, "ID_1": 4, "CCN_1": 0, "HASC_1": "MA.GB", "TLegend__1": "1", "TLegend__3": "0", "TLegend__2": "0003 / 0004", "TLegend__5": "Mosaic cropland vegetation", "TLegend__4": "A11 / A12", "TLegend__7": "Cultivated and Managed Terrestrial Area(s)\r\n / Natural And Semi-Natural Primarily Terrestrial Vegetation", "TLegend__6": "", "Shape_Leng": 0.0222222207789, "FID_MAR_ad": 3, "FID_Arable": 5054, "mar_gc_adg": 234728, "TYPE_1": "Region", "CCA_1": "", "mar_gc_a_2": 20, "mar_gc_a_3": "0003 / 0004", "mar_gc_a_1": 13558}}, {"geometry": {"type": "Polygon", "coordinates": [[[-5.768055553920647, 34.89305555526971], [-5.770833331293147, 34.89305555526971], [-5.770833331293147, 34.89861111091409], [-5.768055553920647, 34.89861111091409], [-5.768055553920647, 34.89305555526971]]]}, "type": "Feature", "properties": {"NAME_0": "Morocco", "NAME_1": "Gharb - Chrarda - B\u00e9ni Hssen", "NL_NAME_1": "", "ISO": "MAR", "Shape_Area": 1.54320967606e-05, "VARNAME_1": "", "ENGTYPE_1": "Region", "TLegend__M": "20", "TLegend__L": "9Mixed Class", "ID_0": 152, "ID_1": 4, "CCN_1": 0, "HASC_1": "MA.GB", "TLegend__1": "1", "TLegend__3": "0", "TLegend__2": "0003 / 0004", "TLegend__5": "Mosaic cropland vegetation", "TLegend__4": "A11 / A12", "TLegend__7": "Cultivated and Managed Terrestrial Area(s)\r\n / Natural And Semi-Natural Primarily Terrestrial Vegetation", "TLegend__6": "", "Shape_Leng": 0.0166666660338, "FID_MAR_ad": 3, "FID_Arable": 5056, "mar_gc_adg": 156485, "TYPE_1": "Region", "CCA_1": "", "mar_gc_a_2": 20, "mar_gc_a_3": "0003 / 0004", "mar_gc_a_1": 13407}}, {"geometry": {"type": "Polygon", "coordinates": [[[-5.981944442182225, 34.89305555526971], [-5.990277776098424, 34.89305555526971], [-5.990277776098424, 34.89861111091409], [-5.984722220454046, 34.89861111091409], [-5.981944442182225, 34.89861111091409], [-5.981944442182225, 34.89305555526971]]]}, "type": "Feature", "properties": {"NAME_0": "Morocco", "NAME_1": "Gharb - Chrarda - B\u00e9ni Hssen", "NL_NAME_1": "", "ISO": "MAR", "Shape_Area": 4.62963002746e-05, "VARNAME_1": "", "ENGTYPE_1": "Region", "TLegend__M": "20", "TLegend__L": "9Mixed Class", "ID_0": 152, "ID_1": 4, "CCN_1": 0, "HASC_1": "MA.GB", "TLegend__1": "1", "TLegend__3": "0", "TLegend__2": "0003 / 0004", "TLegend__5": "Mosaic cropland vegetation", "TLegend__4": "A11 / A12", "TLegend__7": "Cultivated and Managed Terrestrial Area(s)\r\n / Natural And Semi-Natural Primarily Terrestrial Vegetation", "TLegend__6": "", "Shape_Leng": 0.0277777791212, "FID_MAR_ad": 3, "FID_Arable": 5069, "mar_gc_adg": 469454, "TYPE_1": "Region", "CCA_1": "", "mar_gc_a_2": 20, "mar_gc_a_3": "0003 / 0004", "mar_gc_a_1": 13507}}, {"geometry": {"type": "Polygon", "coordinates": [[[-6.0624999985760155, 34.89583333354159], [-6.0624999985760155, 34.89027777789721], [-6.065277775948573, 34.89027777789721], [-6.065277775948573, 34.89583333354159], [-6.0624999985760155, 34.89583333354159]]]}, "type": "Feature", "properties": {"NAME_0": "Morocco", "NAME_1": "Gharb - Chrarda - B\u00e9ni Hssen", "NL_NAME_1": "", "ISO": "MAR", "Shape_Area": 1.54320967609e-05, "VARNAME_1": "", "ENGTYPE_1": "Region", "TLegend__M": "20", "TLegend__L": "9Mixed Class", "ID_0": 152, "ID_1": 4, "CCN_1": 0, "HASC_1": "MA.GB", "TLegend__1": "1", "TLegend__3": "0", "TLegend__2": "0003 / 0004", "TLegend__5": "Mosaic cropland vegetation", "TLegend__4": "A11 / A12", "TLegend__7": "Cultivated and Managed Terrestrial Area(s)\r\n / Natural And Semi-Natural Primarily Terrestrial Vegetation", "TLegend__6": "", "Shape_Leng": 0.0166666660339, "FID_MAR_ad": 3, "FID_Arable": 5072, "mar_gc_adg": 156490, "TYPE_1": "Region", "CCA_1": "", "mar_gc_a_2": 20, "mar_gc_a_3": "0003 / 0004", "mar_gc_a_1": 13610}}, {"geometry": {"type": "Polygon", "coordinates": [[[-5.756944442631891, 34.881944444880276], [-5.759722220004392, 34.881944444880276], [-5.759722220004392, 34.88472222225283], [-5.765277775648769, 34.88472222225283], [-5.765277775648769, 34.887499999625334], [-5.762499998276269, 34.887499999625334], [-5.762499998276269, 34.89027777789721], [-5.762499998276269, 34.89305555526971], [-5.762499998276269, 34.89583333354159], [-5.759722220004392, 34.89583333354159], [-5.759722220004392, 34.89305555526971], [-5.756944442631891, 34.89305555526971], [-5.756944442631891, 34.881944444880276]]]}, "type": "Feature", "properties": {"NAME_0": "Morocco", "NAME_1": "Gharb - Chrarda - B\u00e9ni Hssen", "NL_NAME_1": "", "ISO": "MAR", "Shape_Area": 6.94444416686e-05, "VARNAME_1": "", "ENGTYPE_1": "Region", "TLegend__M": "14 - 15", "TLegend__L": "Error", "ID_0": 152, "ID_1": 4, "CCN_1": 0, "HASC_1": "MA.GB", "TLegend__1": "1", "TLegend__3": "0", "TLegend__2": "11498", "TLegend__5": "Rainfed cropland", "TLegend__4": "A3XXXXXXD1", "TLegend__7": "Rainfed Herbaceous Crop(s)", "TLegend__6": "", "Shape_Leng": 0.0444444433564, "FID_MAR_ad": 3, "FID_Arable": 5077, "mar_gc_adg": 704242, "TYPE_1": "Region", "CCA_1": "", "mar_gc_a_2": 14, "mar_gc_a_3": "11498", "mar_gc_a_1": 13494}}, {"geometry": {"type": "Polygon", "coordinates": [[[-6.0097222204041145, 34.89027777789721], [-6.006944443031557, 34.89027777789721], [-6.006944443031557, 34.89305555526971], [-6.004166664759737, 34.89305555526971], [-6.004166664759737, 34.89583333354159], [-6.001388887387179, 34.89583333354159], [-6.001388887387179, 34.89305555526971], [-5.998611109115359, 34.89305555526971], [-5.998611109115359, 34.89027777789721], [-5.990277776098424, 34.89027777789721], [-5.990277776098424, 34.887499999625334], [-5.984722220454046, 34.887499999625334], [-5.984722220454046, 34.88472222225283], [-5.987499997826603, 34.88472222225283], [-5.987499997826603, 34.881944444880276], [-5.984722220454046, 34.881944444880276], [-5.984722220454046, 34.879166666608455], [-5.987499997826603, 34.879166666608455], [-5.987499997826603, 34.8763888892359], [-5.993055553470981, 34.8763888892359], [-5.993055553470981, 34.879166666608455], [-5.995833331742801, 34.879166666608455], [-5.995833331742801, 34.881944444880276], [-6.001388887387179, 34.881944444880276], [-6.001388887387179, 34.88472222225283], [-6.006944443031557, 34.88472222225283], [-6.006944443031557, 34.887499999625334], [-6.0097222204041145, 34.887499999625334], [-6.0097222204041145, 34.89027777789721]]]}, "type": "Feature", "properties": {"NAME_0": "Morocco", "NAME_1": "Gharb - Chrarda - B\u00e9ni Hssen", "NL_NAME_1": "", "ISO": "MAR", "Shape_Area": 0.000231481481389, "VARNAME_1": "", "ENGTYPE_1": "Region", "TLegend__M": "20", "TLegend__L": "9Mixed Class", "ID_0": 152, "ID_1": 4, "CCN_1": 0, "HASC_1": "MA.GB", "TLegend__1": "1", "TLegend__3": "0", "TLegend__2": "0003 / 0004", "TLegend__5": "Mosaic cropland vegetation", "TLegend__4": "A11 / A12", "TLegend__7": "Cultivated and Managed Terrestrial Area(s)\r\n / Natural And Semi-Natural Primarily Terrestrial Vegetation", "TLegend__6": "", "Shape_Leng": 0.0944444432566, "FID_MAR_ad": 3, "FID_Arable": 5085, "mar_gc_adg": 2347550, "TYPE_1": "Region", "CCA_1": "", "mar_gc_a_2": 20, "mar_gc_a_3": "0003 / 0004", "mar_gc_a_1": 13591}}, {"geometry": {"type": "Polygon", "coordinates": [[[-5.948611109215278, 34.887499999625334], [-5.948611109215278, 34.89583333354159], [-5.945833331842721, 34.89583333354159], [-5.945833331842721, 34.89305555526971], [-5.934722220553965, 34.89305555526971], [-5.934722220553965, 34.89027777789721], [-5.937499997926523, 34.89027777789721], [-5.937499997926523, 34.887499999625334], [-5.948611109215278, 34.887499999625334]]]}, "type": "Feature", "properties": {"NAME_0": "Morocco", "NAME_1": "Gharb - Chrarda - B\u00e9ni Hssen", "NL_NAME_1": "", "ISO": "MAR", "Shape_Area": 7.71604937965e-05, "VARNAME_1": "", "ENGTYPE_1": "Region", "TLegend__M": "20", "TLegend__L": "9Mixed Class", "ID_0": 152, "ID_1": 4, "CCN_1": 0, "HASC_1": "MA.GB", "TLegend__1": "1", "TLegend__3": "0", "TLegend__2": "0003 / 0004", "TLegend__5": "Mosaic cropland vegetation", "TLegend__4": "A11 / A12", "TLegend__7": "Cultivated and Managed Terrestrial Area(s)\r\n / Natural And Semi-Natural Primarily Terrestrial Vegetation", "TLegend__6": "", "Shape_Leng": 0.0444444451551, "FID_MAR_ad": 3, "FID_Arable": 5087, "mar_gc_adg": 782470, "TYPE_1": "Region", "CCA_1": "", "mar_gc_a_2": 20, "mar_gc_a_3": "0003 / 0004", "mar_gc_a_1": 13570}}, {"geometry": {"type": "Polygon", "coordinates": [[[-6.1013888871873405, 34.89305555526971], [-6.1013888871873405, 34.887499999625334], [-6.106944442831718, 34.887499999625334], [-6.106944442831718, 34.89027777789721], [-6.104166664559898, 34.89027777789721], [-6.104166664559898, 34.89305555526971], [-6.1013888871873405, 34.89305555526971]]]}, "type": "Feature", "properties": {"NAME_0": "Morocco", "NAME_1": "Gharb - Chrarda - B\u00e9ni Hssen", "NL_NAME_1": "", "ISO": "MAR", "Shape_Area": 2.31481488885e-05, "VARNAME_1": "", "ENGTYPE_1": "Region", "TLegend__M": "20", "TLegend__L": "9Mixed Class", "ID_0": 152, "ID_1": 4, "CCN_1": 0, "HASC_1": "MA.GB", "TLegend__1": "1", "TLegend__3": "0", "TLegend__2": "0003 / 0004", "TLegend__5": "Mosaic cropland vegetation", "TLegend__4": "A11 / A12", "TLegend__7": "Cultivated and Managed Terrestrial Area(s)\r\n / Natural And Semi-Natural Primarily Terrestrial Vegetation", "TLegend__6": "", "Shape_Leng": 0.0222222225775, "FID_MAR_ad": 3, "FID_Arable": 5103, "mar_gc_adg": 234744, "TYPE_1": "Region", "CCA_1": "", "mar_gc_a_2": 20, "mar_gc_a_3": "0003 / 0004", "mar_gc_a_1": 13690}}, {"geometry": {"type": "Polygon", "coordinates": [[[-5.795833331243216, 34.89027777789721], [-5.795833331243216, 34.887499999625334], [-5.795833331243216, 34.88472222225283], [-5.801388886887594, 34.88472222225283], [-5.801388886887594, 34.881944444880276], [-5.806944442531972, 34.881944444880276], [-5.806944442531972, 34.879166666608455], [-5.809722220803792, 34.879166666608455], [-5.809722220803792, 34.8763888892359], [-5.806944442531972, 34.8763888892359], [-5.806944442531972, 34.87083333359152], [-5.809722220803792, 34.87083333359152], [-5.809722220803792, 34.86527777794714], [-5.812499998176349, 34.86527777794714], [-5.812499998176349, 34.8680555553197], [-5.81527777554885, 34.8680555553197], [-5.81527777554885, 34.86527777794714], [-5.818055553820727, 34.86527777794714], [-5.818055553820727, 34.87361111096408], [-5.820833331193228, 34.87361111096408], [-5.820833331193228, 34.8763888892359], [-5.818055553820727, 34.8763888892359], [-5.818055553820727, 34.879166666608455], [-5.823611109465105, 34.879166666608455], [-5.823611109465105, 34.8763888892359], [-5.8319444424819835, 34.8763888892359], [-5.8319444424819835, 34.87361111096408], [-5.834722220753861, 34.87361111096408], [-5.834722220753861, 34.8763888892359], [-5.843055553770739, 34.8763888892359], [-5.843055553770739, 34.879166666608455], [-5.837499998126361, 34.879166666608455], [-5.837499998126361, 34.881944444880276], [-5.826388886837606, 34.881944444880276], [-5.81527777554885, 34.881944444880276], [-5.81527777554885, 34.887499999625334], [-5.809722220803792, 34.887499999625334], [-5.809722220803792, 34.88472222225283], [-5.806944442531972, 34.88472222225283], [-5.806944442531972, 34.887499999625334], [-5.804166665159414, 34.887499999625334], [-5.804166665159414, 34.89027777789721], [-5.801388886887594, 34.89027777789721], [-5.801388886887594, 34.89305555526971], [-5.798611109515036, 34.89305555526971], [-5.795833331243216, 34.89305555526971], [-5.795833331243216, 34.89027777789721]]]}, "type": "Feature", "properties": {"NAME_0": "Morocco", "NAME_1": "Gharb - Chrarda - B\u00e9ni Hssen", "NL_NAME_1": "", "ISO": "MAR", "Shape_Area": 0.000401234565742, "VARNAME_1": "", "ENGTYPE_1": "Region", "TLegend__M": "14 - 15", "TLegend__L": "Error", "ID_0": 152, "ID_1": 4, "CCN_1": 0, "HASC_1": "MA.GB", "TLegend__1": "1", "TLegend__3": "0", "TLegend__2": "11498", "TLegend__5": "Rainfed cropland", "TLegend__4": "A3XXXXXXD1", "TLegend__7": "Rainfed Herbaceous Crop(s)", "TLegend__6": "", "Shape_Leng": 0.183333331768, "FID_MAR_ad": 3, "FID_Arable": 5106, "mar_gc_adg": 4069400, "TYPE_1": "Region", "CCA_1": "", "mar_gc_a_2": 14, "mar_gc_a_3": "11498", "mar_gc_a_1": 13585}}, {"geometry": {"type": "Polygon", "coordinates": [[[-6.0097222204041145, 34.89027777789721], [-6.015277776048492, 34.89027777789721], [-6.015277776048492, 34.89305555526971], [-6.0097222204041145, 34.89305555526971], [-6.0097222204041145, 34.89027777789721]]]}, "type": "Feature", "properties": {"NAME_0": "Morocco", "NAME_1": "Gharb - Chrarda - B\u00e9ni Hssen", "NL_NAME_1": "", "ISO": "MAR", "Shape_Area": 1.54320967606e-05, "VARNAME_1": "", "ENGTYPE_1": "Region", "TLegend__M": "20", "TLegend__L": "9Mixed Class", "ID_0": 152, "ID_1": 4, "CCN_1": 0, "HASC_1": "MA.GB", "TLegend__1": "1", "TLegend__3": "0", "TLegend__2": "0003 / 0004", "TLegend__5": "Mosaic cropland vegetation", "TLegend__4": "A11 / A12", "TLegend__7": "Cultivated and Managed Terrestrial Area(s)\r\n / Natural And Semi-Natural Primarily Terrestrial Vegetation", "TLegend__6": "", "Shape_Leng": 0.0166666660338, "FID_MAR_ad": 3, "FID_Arable": 5109, "mar_gc_adg": 156492, "TYPE_1": "Region", "CCA_1": "", "mar_gc_a_2": 20, "mar_gc_a_3": "0003 / 0004", "mar_gc_a_1": 13646}}, {"geometry": {"type": "Polygon", "coordinates": [[[-5.948611109215278, 34.887499999625334], [-5.948611109215278, 34.88472222225283], [-5.9624999978765345, 34.88472222225283], [-5.965277776148412, 34.88472222225283], [-5.968055553520912, 34.88472222225283], [-5.968055553520912, 34.881944444880276], [-5.9708333317927895, 34.881944444880276], [-5.9708333317927895, 34.87361111096408], [-5.9708333317927895, 34.87083333359152], [-5.97361110916529, 34.87083333359152], [-5.97361110916529, 34.87361111096408], [-5.976388887437167, 34.87361111096408], [-5.976388887437167, 34.8763888892359], [-5.979166664809668, 34.8763888892359], [-5.979166664809668, 34.879166666608455], [-5.979166664809668, 34.881944444880276], [-5.976388887437167, 34.881944444880276], [-5.976388887437167, 34.88472222225283], [-5.97361110916529, 34.88472222225283], [-5.97361110916529, 34.887499999625334], [-5.968055553520912, 34.887499999625334], [-5.968055553520912, 34.89027777789721], [-5.965277776148412, 34.89027777789721], [-5.965277776148412, 34.89305555526971], [-5.9624999978765345, 34.89305555526971], [-5.9624999978765345, 34.887499999625334], [-5.956944442232157, 34.887499999625334], [-5.956944442232157, 34.89027777789721], [-5.951388887487099, 34.89027777789721], [-5.951388887487099, 34.887499999625334], [-5.948611109215278, 34.887499999625334]]]}, "type": "Feature", "properties": {"NAME_0": "Morocco", "NAME_1": "Gharb - Chrarda - B\u00e9ni Hssen", "NL_NAME_1": "", "ISO": "MAR", "Shape_Area": 0.000200617275376, "VARNAME_1": "", "ENGTYPE_1": "Region", "TLegend__M": "20", "TLegend__L": "9Mixed Class", "ID_0": 152, "ID_1": 4, "CCN_1": 0, "HASC_1": "MA.GB", "TLegend__1": "1", "TLegend__3": "0", "TLegend__2": "0003 / 0004", "TLegend__5": "Mosaic cropland vegetation", "TLegend__4": "A11 / A12", "TLegend__7": "Cultivated and Managed Terrestrial Area(s)\r\n / Natural And Semi-Natural Primarily Terrestrial Vegetation", "TLegend__6": "", "Shape_Leng": 0.111111111089, "FID_MAR_ad": 3, "FID_Arable": 5112, "mar_gc_adg": 2034603, "TYPE_1": "Region", "CCA_1": "", "mar_gc_a_2": 20, "mar_gc_a_3": "0003 / 0004", "mar_gc_a_1": 13636}}, {"geometry": {"type": "Polygon", "coordinates": [[[-5.748611109614956, 34.89305555526971], [-5.748611109614956, 34.89027777789721], [-5.745833331343135, 34.89027777789721], [-5.745833331343135, 34.887499999625334], [-5.751388886987513, 34.887499999625334], [-5.751388886987513, 34.89305555526971], [-5.748611109614956, 34.89305555526971]]]}, "type": "Feature", "properties": {"NAME_0": "Morocco", "NAME_1": "Gharb - Chrarda - B\u00e9ni Hssen", "NL_NAME_1": "", "ISO": "MAR", "Shape_Area": 2.31481488885e-05, "VARNAME_1": "", "ENGTYPE_1": "Region", "TLegend__M": "14 - 15", "TLegend__L": "Error", "ID_0": 152, "ID_1": 4, "CCN_1": 0, "HASC_1": "MA.GB", "TLegend__1": "1", "TLegend__3": "0", "TLegend__2": "11498", "TLegend__5": "Rainfed cropland", "TLegend__4": "A3XXXXXXD1", "TLegend__7": "Rainfed Herbaceous Crop(s)", "TLegend__6": "", "Shape_Leng": 0.0222222225775, "FID_MAR_ad": 3, "FID_Arable": 5115, "mar_gc_adg": 234744, "TYPE_1": "Region", "CCA_1": "", "mar_gc_a_2": 14, "mar_gc_a_3": "11498", "mar_gc_a_1": 13566}}, {"geometry": {"type": "Polygon", "coordinates": [[[-6.087499998526084, 34.887499999625334], [-6.090277775898585, 34.887499999625334], [-6.090277775898585, 34.89027777789721], [-6.093055553271142, 34.89027777789721], [-6.093055553271142, 34.89305555526971], [-6.090277775898585, 34.89305555526971], [-6.087499998526084, 34.89305555526971], [-6.087499998526084, 34.887499999625334]]]}, "type": "Feature", "properties": {"NAME_0": "Morocco", "NAME_1": "Gharb - Chrarda - B\u00e9ni Hssen", "NL_NAME_1": "", "ISO": "MAR", "Shape_Area": 2.3148143892e-05, "VARNAME_1": "", "ENGTYPE_1": "Region", "TLegend__M": "20", "TLegend__L": "9Mixed Class", "ID_0": 152, "ID_1": 4, "CCN_1": 0, "HASC_1": "MA.GB", "TLegend__1": "1", "TLegend__3": "0", "TLegend__2": "0003 / 0004", "TLegend__5": "Mosaic cropland vegetation", "TLegend__4": "A11 / A12", "TLegend__7": "Cultivated and Managed Terrestrial Area(s)\r\n / Natural And Semi-Natural Primarily Terrestrial Vegetation", "TLegend__6": "", "Shape_Leng": 0.0222222207789, "FID_MAR_ad": 3, "FID_Arable": 5122, "mar_gc_adg": 234741, "TYPE_1": "Region", "CCA_1": "", "mar_gc_a_2": 20, "mar_gc_a_3": "0003 / 0004", "mar_gc_a_1": 13682}}, {"geometry": {"type": "MultiPolygon", "coordinates": [[[[-6.126388887137409, 34.88472222225283], [-6.12916666450991, 34.88472222225283], [-6.12916666450991, 34.879166666608455], [-6.126388887137409, 34.879166666608455], [-6.126388887137409, 34.8763888892359], [-6.123611108865532, 34.8763888892359], [-6.118055554120474, 34.8763888892359], [-6.118055554120474, 34.87083333359152], [-6.123611108865532, 34.87083333359152], [-6.123611108865532, 34.87361111096408], [-6.12916666450991, 34.87361111096408], [-6.12916666450991, 34.8763888892359], [-6.134722220154288, 34.8763888892359], [-6.134722220154288, 34.87361111096408], [-6.131944442781787, 34.87361111096408], [-6.131944442781787, 34.87083333359152], [-6.126388887137409, 34.87083333359152], [-6.126388887137409, 34.86249999967532], [-6.126388887137409, 34.859722222302764], [-6.128225630108716, 34.859722222302764], [-6.127982500192161, 34.86052889978896], [-6.128475500443926, 34.860643799871525], [-6.127705199635216, 34.86491289961066], [-6.127089100181763, 34.86496480038528], [-6.1269163997719716, 34.86639090031986], [-6.13430350030626, 34.8673687997304], [-6.134595199908517, 34.86641379975708], [-6.135613399738588, 34.86659820034674], [-6.135633799959862, 34.86723860038114], [-6.138927204526794, 34.8680555553197], [-6.137499998426165, 34.8680555553197], [-6.137499998426165, 34.87083333359152], [-6.145833331443043, 34.87083333359152], [-6.1486111097149205, 34.87083333359152], [-6.1486111097149205, 34.87361111096408], [-6.143055554070543, 34.87361111096408], [-6.143055554070543, 34.8763888892359], [-6.1402777757986655, 34.8763888892359], [-6.1402777757986655, 34.879166666608455], [-6.137499998426165, 34.879166666608455], [-6.137499998426165, 34.881944444880276], [-6.1402777757986655, 34.881944444880276], [-6.1402777757986655, 34.88472222225283], [-6.137499998426165, 34.88472222225283], [-6.134722220154288, 34.88472222225283], [-6.134722220154288, 34.881944444880276], [-6.131944442781787, 34.881944444880276], [-6.131944442781787, 34.89027777789721], [-6.126388887137409, 34.89027777789721], [-6.126388887137409, 34.887499999625334], [-6.126388887137409, 34.88472222225283]]], [[[-6.095833331542963, 34.8680555553197], [-6.1013888871873405, 34.8680555553197], [-6.1013888871873405, 34.86527777794714], [-6.09861110891552, 34.86527777794714], [-6.09861110891552, 34.859722222302764], [-6.1013888871873405, 34.859722222302764], [-6.1013888871873405, 34.85416666665839], [-6.09861110891552, 34.85416666665839], [-6.09861110891552, 34.851388889285886], [-6.090277775898585, 34.851388889285886], [-6.090277775898585, 34.84861111101401], [-6.079166664609829, 34.84861111101401], [-6.079166664609829, 34.851388889285886], [-6.076388887237329, 34.851388889285886], [-6.076388887237329, 34.85416666665839], [-6.073611108965451, 34.85416666665839], [-6.070833331592951, 34.85416666665839], [-6.068055553321074, 34.85416666665839], [-6.065277775948573, 34.85416666665839], [-6.065277775948573, 34.856944444030944], [-6.0624999985760155, 34.856944444030944], [-6.0624999985760155, 34.85416666665839], [-6.056944442931638, 34.85416666665839], [-6.056944442931638, 34.851388889285886], [-6.0624999985760155, 34.851388889285886], [-6.0624999985760155, 34.84861111101401], [-6.065277775948573, 34.84861111101401], [-6.065277775948573, 34.84583333364151], [-6.068055553321074, 34.84583333364151], [-6.068055553321074, 34.84861111101401], [-6.070833331592951, 34.84861111101401], [-6.070833331592951, 34.84583333364151], [-6.073611108965451, 34.84583333364151], [-6.073611108965451, 34.844033817206935], [-6.07373360022541, 34.84404619997218], [-6.073776499685664, 34.84379959957192], [-6.0740982995968125, 34.84380840033748], [-6.074055400136558, 34.844099000068866], [-6.074194400251315, 34.844134200433075], [-6.074398200116775, 34.84395809968663], [-6.074677200392443, 34.84401969964949], [-6.074463099692252, 34.84419580039594], [-6.075342400131603, 34.84448640012732], [-6.075471100311006, 34.84420460026212], [-6.075160499657272, 34.84411659980128], [-6.075288699813598, 34.84380840033748], [-6.075675500024261, 34.843826000069896], [-6.076383600122995, 34.843209600242915], [-6.076515583727144, 34.84305555536963], [-6.084722220254207, 34.84305555536963], [-6.084722220254207, 34.84027777799713], [-6.085368541424998, 34.84027777799713], [-6.085534799990967, 34.84061200024365], [-6.085534799990967, 34.84148380033719], [-6.087402100126781, 34.840761699592804], [-6.088761711383825, 34.84027777799713], [-6.0900087221247645, 34.84027777799713], [-6.084762900187627, 34.84220549998389], [-6.087402199951498, 34.84507600015735], [-6.093055553271142, 34.84298065263505], [-6.093055553271142, 34.84305555536963], [-6.093371750405936, 34.84305555536963], [-6.087530999955618, 34.84519929990779], [-6.088796999881595, 34.84660809958416], [-6.093453300029751, 34.84727730040714], [-6.095943500292265, 34.844771799978616], [-6.09861110891552, 34.8450421038101], [-6.09861110891552, 34.84583333364151], [-6.1013888871873405, 34.84583333364151], [-6.1013888871873405, 34.8453235709261], [-6.106853599613885, 34.84587729969769], [-6.107593899938479, 34.844213099754825], [-6.106757099660399, 34.843499899600715], [-6.107498687814143, 34.84305555536963], [-6.110639630314665, 34.84305555536963], [-6.11065270016195, 34.84316919999861], [-6.111006700298958, 34.84316040013243], [-6.111113000164778, 34.843288499564665], [-6.111497229213683, 34.84305555536963], [-6.113845925648889, 34.84305555536963], [-6.113387499833209, 34.84314769990647], [-6.110683799617618, 34.84633509958525], [-6.113505499878897, 34.84758540004623], [-6.113956099794109, 34.84751500021713], [-6.1146213004326455, 34.847409300199104], [-6.115340099765717, 34.84686340002594], [-6.11536159985792, 34.84652000019793], [-6.11559759994924, 34.8458421002328], [-6.11599460027054, 34.84504079979314], [-6.117271300330174, 34.84363200011677], [-6.118055554120474, 34.84312231744104], [-6.118055554120474, 34.851388889285886], [-6.123611108865532, 34.851388889285886], [-6.123611108865532, 34.84583333364151], [-6.126388887137409, 34.84583333364151], [-6.126388887137409, 34.84861111101401], [-6.131944442781787, 34.84861111101401], [-6.131944442781787, 34.84583333364151], [-6.12916666450991, 34.84583333364151], [-6.12916666450991, 34.84305555536963], [-6.134722220154288, 34.84305555536963], [-6.134722220154288, 34.84583333364151], [-6.137499998426165, 34.84583333364151], [-6.137499998426165, 34.84861111101401], [-6.1402777757986655, 34.84861111101401], [-6.1402777757986655, 34.851388889285886], [-6.145833331443043, 34.851388889285886], [-6.145833331443043, 34.84861111101401], [-6.1486111097149205, 34.84861111101401], [-6.154166664459922, 34.84861111101401], [-6.154166664459922, 34.84583333364151], [-6.156944442731799, 34.84583333364151], [-6.156944442731799, 34.84861111101401], [-6.156944442731799, 34.851388889285886], [-6.168055554020555, 34.851388889285886], [-6.168055554020555, 34.85416666665839], [-6.165277775748677, 34.85416666665839], [-6.162499998376177, 34.85416666665839], [-6.162499998376177, 34.856944444030944], [-6.154166664459922, 34.856944444030944], [-6.154166664459922, 34.859722222302764], [-6.1540282048377435, 34.859722222302764], [-6.154060299842911, 34.85952469970516], [-6.153298600150208, 34.85952469970516], [-6.1533414996104625, 34.859718300359305], [-6.153339785502624, 34.859722222302764], [-6.1486111097149205, 34.859722222302764], [-6.1486111097149205, 34.86249999967532], [-6.145833331443043, 34.86249999967532], [-6.145833331443043, 34.86527777794714], [-6.143165114878116, 34.86527777794714], [-6.144369200078472, 34.863643500247406], [-6.144737199961753, 34.86287850004277], [-6.145412900185136, 34.86216539971349], [-6.143890499946565, 34.86186519971926], [-6.143761799767219, 34.862393400335236], [-6.143055554070543, 34.86230870488288], [-6.143055554070543, 34.859722222302764], [-6.137499998426165, 34.859722222302764], [-6.137499998426165, 34.85416666665839], [-6.134722220154288, 34.85416666665839], [-6.134722220154288, 34.851388889285886], [-6.12916666450991, 34.851388889285886], [-6.12916666450991, 34.85416666665839], [-6.126388887137409, 34.85416666665839], [-6.123611108865532, 34.85416666665839], [-6.123611108865532, 34.856944444030944], [-6.120833331493031, 34.856944444030944], [-6.120833331493031, 34.859722222302764], [-6.120833331493031, 34.86249999967532], [-6.123611108865532, 34.86249999967532], [-6.123611108865532, 34.8680555553197], [-6.118055554120474, 34.8680555553197], [-6.118055554120474, 34.87083333359152], [-6.112499998476096, 34.87083333359152], [-6.112499998476096, 34.87361111096408], [-6.109722220204276, 34.87361111096408], [-6.106944442831718, 34.87361111096408], [-6.104166664559898, 34.87361111096408], [-6.104166664559898, 34.8763888892359], [-6.09861110891552, 34.8763888892359], [-6.09861110891552, 34.87083333359152], [-6.095833331542963, 34.87083333359152], [-6.095833331542963, 34.8680555553197]], [[-6.115277775848654, 34.86249999967532], [-6.115277775848654, 34.859722222302764], [-6.106944442831718, 34.859722222302764], [-6.106944442831718, 34.86249999967532], [-6.115277775848654, 34.86249999967532]], [[-6.112499998476096, 34.85416666665839], [-6.112499998476096, 34.856944444030944], [-6.118055554120474, 34.856944444030944], [-6.118055554120474, 34.85416666665839], [-6.112499998476096, 34.85416666665839]]], [[[-6.134722220154288, 34.859722222302764], [-6.134722220154288, 34.86249999967532], [-6.1355875496256544, 34.86249999967532], [-6.135436200020592, 34.86306239971003], [-6.132281899889733, 34.8627102998405], [-6.132513299948812, 34.861066799593175], [-6.132052999945927, 34.861031100105265], [-6.133405154923935, 34.856944444030944], [-6.134722220154288, 34.856944444030944], [-6.134722220154288, 34.859722222302764]]], [[[-6.068055553321074, 34.84027777799713], [-6.069082411823786, 34.84027777799713], [-6.0691313996942995, 34.840682499897525], [-6.069142199652731, 34.84127240030108], [-6.069646400061288, 34.841228400070634], [-6.069603499701714, 34.8418272001652], [-6.069603499701714, 34.84223219995613], [-6.069517699881885, 34.84291029957075], [-6.0695545810789895, 34.84305555536963], [-6.068055553321074, 34.84305555536963], [-6.068055553321074, 34.84027777799713]]]]}, "type": "Feature", "properties": {"NAME_0": "Morocco", "NAME_1": "Gharb - Chrarda - B\u00e9ni Hssen", "NL_NAME_1": "", "ISO": "MAR", "Shape_Area": 0.00149603902245, "VARNAME_1": "", "ENGTYPE_1": "Region", "TLegend__M": "14 - 15", "TLegend__L": "Error", "ID_0": 152, "ID_1": 4, "CCN_1": 0, "HASC_1": "MA.GB", "TLegend__1": "1", "TLegend__3": "0", "TLegend__2": "11498", "TLegend__5": "Rainfed cropland", "TLegend__4": "A3XXXXXXD1", "TLegend__7": "Rainfed Herbaceous Crop(s)", "TLegend__6": "", "Shape_Leng": 0.688163275185, "FID_MAR_ad": 3, "FID_Arable": 5131, "mar_gc_adg": 17220991, "TYPE_1": "Region", "CCA_1": "", "mar_gc_a_2": 14, "mar_gc_a_3": "11498", "mar_gc_a_1": 13774}}, {"geometry": {"type": "Polygon", "coordinates": [[[-6.154166664459922, 34.88472222225283], [-6.156944442731799, 34.88472222225283], [-6.156944442731799, 34.89027777789721], [-6.154166664459922, 34.89027777789721], [-6.154166664459922, 34.88472222225283]]]}, "type": "Feature", "properties": {"NAME_0": "Morocco", "NAME_1": "Gharb - Chrarda - B\u00e9ni Hssen", "NL_NAME_1": "", "ISO": "MAR", "Shape_Area": 1.54321017572e-05, "VARNAME_1": "", "ENGTYPE_1": "Region", "TLegend__M": "20", "TLegend__L": "9Mixed Class", "ID_0": 152, "ID_1": 4, "CCN_1": 0, "HASC_1": "MA.GB", "TLegend__1": "1", "TLegend__3": "0", "TLegend__2": "0003 / 0004", "TLegend__5": "Mosaic cropland vegetation", "TLegend__4": "A11 / A12", "TLegend__7": "Cultivated and Managed Terrestrial Area(s)\r\n / Natural And Semi-Natural Primarily Terrestrial Vegetation", "TLegend__6": "", "Shape_Leng": 0.0166666678325, "FID_MAR_ad": 3, "FID_Arable": 5132, "mar_gc_adg": 156500, "TYPE_1": "Region", "CCA_1": "", "mar_gc_a_2": 20, "mar_gc_a_3": "0003 / 0004", "mar_gc_a_1": 13786}}, {"geometry": {"type": "Polygon", "coordinates": [[[-5.81527777554885, 34.887499999625334], [-5.81527777554885, 34.881944444880276], [-5.826388886837606, 34.881944444880276], [-5.826388886837606, 34.88472222225283], [-5.826388886837606, 34.887499999625334], [-5.823611109465105, 34.887499999625334], [-5.823611109465105, 34.89027777789721], [-5.820833331193228, 34.89027777789721], [-5.818055553820727, 34.89027777789721], [-5.818055553820727, 34.887499999625334], [-5.81527777554885, 34.887499999625334]]]}, "type": "Feature", "properties": {"NAME_0": "Morocco", "NAME_1": "Gharb - Chrarda - B\u00e9ni Hssen", "NL_NAME_1": "", "ISO": "MAR", "Shape_Area": 7.71604888003e-05, "VARNAME_1": "", "ENGTYPE_1": "Region", "TLegend__M": "20", "TLegend__L": "9Mixed Class", "ID_0": 152, "ID_1": 4, "CCN_1": 0, "HASC_1": "MA.GB", "TLegend__1": "1", "TLegend__3": "0", "TLegend__2": "0003 / 0004", "TLegend__5": "Mosaic cropland vegetation", "TLegend__4": "A11 / A12", "TLegend__7": "Cultivated and Managed Terrestrial Area(s)\r\n / Natural And Semi-Natural Primarily Terrestrial Vegetation", "TLegend__6": "", "Shape_Leng": 0.0388888886114, "FID_MAR_ad": 3, "FID_Arable": 5139, "mar_gc_adg": 782520, "TYPE_1": "Region", "CCA_1": "", "mar_gc_a_2": 20, "mar_gc_a_3": "0003 / 0004", "mar_gc_a_1": 13647}}, {"geometry": {"type": "Polygon", "coordinates": [[[-6.137499998426165, 34.88472222225283], [-6.137499998426165, 34.887499999625334], [-6.134722220154288, 34.887499999625334], [-6.134722220154288, 34.89027777789721], [-6.131944442781787, 34.89027777789721], [-6.131944442781787, 34.881944444880276], [-6.134722220154288, 34.881944444880276], [-6.134722220154288, 34.88472222225283], [-6.137499998426165, 34.88472222225283]]]}, "type": "Feature", "properties": {"NAME_0": "Morocco", "NAME_1": "Gharb - Chrarda - B\u00e9ni Hssen", "NL_NAME_1": "", "ISO": "MAR", "Shape_Area": 3.08641935214e-05, "VARNAME_1": "", "ENGTYPE_1": "Region", "TLegend__M": "20", "TLegend__L": "9Mixed Class", "ID_0": 152, "ID_1": 4, "CCN_1": 0, "HASC_1": "MA.GB", "TLegend__1": "1", "TLegend__3": "0", "TLegend__2": "0003 / 0004", "TLegend__5": "Mosaic cropland vegetation", "TLegend__4": "A11 / A12", "TLegend__7": "Cultivated and Managed Terrestrial Area(s)\r\n / Natural And Semi-Natural Primarily Terrestrial Vegetation", "TLegend__6": "", "Shape_Leng": 0.0277777773226, "FID_MAR_ad": 3, "FID_Arable": 5147, "mar_gc_adg": 313006, "TYPE_1": "Region", "CCA_1": "", "mar_gc_a_2": 20, "mar_gc_a_3": "0003 / 0004", "mar_gc_a_1": 13779}}, {"geometry": {"type": "Polygon", "coordinates": [[[-6.28749999812635, 34.881944444880276], [-6.28749999812635, 34.88472222225283], [-6.290277775498907, 34.88472222225283], [-6.290277775498907, 34.887499999625334], [-6.28749999812635, 34.887499999625334], [-6.284722220753849, 34.887499999625334], [-6.284722220753849, 34.88472222225283], [-6.281944442481972, 34.88472222225283], [-6.281944442481972, 34.881944444880276], [-6.284722220753849, 34.881944444880276], [-6.28749999812635, 34.881944444880276]]]}, "type": "Feature", "properties": {"NAME_0": "Morocco", "NAME_1": "Gharb - Chrarda - B\u00e9ni Hssen", "NL_NAME_1": "", "ISO": "MAR", "Shape_Area": 3.08641910234e-05, "VARNAME_1": "", "ENGTYPE_1": "Region", "TLegend__M": "20", "TLegend__L": "9Mixed Class", "ID_0": 152, "ID_1": 4, "CCN_1": 0, "HASC_1": "MA.GB", "TLegend__1": "1", "TLegend__3": "0", "TLegend__2": "0003 / 0004", "TLegend__5": "Mosaic cropland vegetation", "TLegend__4": "A11 / A12", "TLegend__7": "Cultivated and Managed Terrestrial Area(s)\r\n / Natural And Semi-Natural Primarily Terrestrial Vegetation", "TLegend__6": "", "Shape_Leng": 0.027777775524, "FID_MAR_ad": 3, "FID_Arable": 5158, "mar_gc_adg": 313011, "TYPE_1": "Region", "CCA_1": "", "mar_gc_a_2": 20, "mar_gc_a_3": "0003 / 0004", "mar_gc_a_1": 13881}}, {"geometry": {"type": "Polygon", "coordinates": [[[-5.929166664909587, 34.88472222225283], [-5.934722220553965, 34.88472222225283], [-5.934722220553965, 34.887499999625334], [-5.929166664909587, 34.887499999625334], [-5.929166664909587, 34.88472222225283]]]}, "type": "Feature", "properties": {"NAME_0": "Morocco", "NAME_1": "Gharb - Chrarda - B\u00e9ni Hssen", "NL_NAME_1": "", "ISO": "MAR", "Shape_Area": 1.54320967606e-05, "VARNAME_1": "", "ENGTYPE_1": "Region", "TLegend__M": "20", "TLegend__L": "9Mixed Class", "ID_0": 152, "ID_1": 4, "CCN_1": 0, "HASC_1": "MA.GB", "TLegend__1": "1", "TLegend__3": "0", "TLegend__2": "0003 / 0004", "TLegend__5": "Mosaic cropland vegetation", "TLegend__4": "A11 / A12", "TLegend__7": "Cultivated and Managed Terrestrial Area(s)\r\n / Natural And Semi-Natural Primarily Terrestrial Vegetation", "TLegend__6": "", "Shape_Leng": 0.0166666660338, "FID_MAR_ad": 3, "FID_Arable": 5163, "mar_gc_adg": 156503, "TYPE_1": "Region", "CCA_1": "", "mar_gc_a_2": 20, "mar_gc_a_3": "0003 / 0004", "mar_gc_a_1": 13773}}, {"geometry": {"type": "Polygon", "coordinates": [[[-6.2708333311932165, 34.879166666608455], [-6.2708333311932165, 34.88472222225283], [-6.268055553820716, 34.88472222225283], [-6.268055553820716, 34.887499999625334], [-6.265277775548839, 34.887499999625334], [-6.259722220803781, 34.887499999625334], [-6.259722220803781, 34.88472222225283], [-6.262499998176338, 34.88472222225283], [-6.262499998176338, 34.881944444880276], [-6.268055553820716, 34.881944444880276], [-6.268055553820716, 34.879166666608455], [-6.2708333311932165, 34.879166666608455]]]}, "type": "Feature", "properties": {"NAME_0": "Morocco", "NAME_1": "Gharb - Chrarda - B\u00e9ni Hssen", "NL_NAME_1": "", "ISO": "MAR", "Shape_Area": 5.40123374135e-05, "VARNAME_1": "", "ENGTYPE_1": "Region", "TLegend__M": "14 - 15", "TLegend__L": "Error", "ID_0": 152, "ID_1": 4, "CCN_1": 0, "HASC_1": "MA.GB", "TLegend__1": "1", "TLegend__3": "0", "TLegend__2": "11498", "TLegend__5": "Rainfed cropland", "TLegend__4": "A3XXXXXXD1", "TLegend__7": "Rainfed Herbaceous Crop(s)", "TLegend__6": "", "Shape_Leng": 0.0388888868126, "FID_MAR_ad": 3, "FID_Arable": 5169, "mar_gc_adg": 547773, "TYPE_1": "Region", "CCA_1": "", "mar_gc_a_2": 14, "mar_gc_a_3": "11498", "mar_gc_a_1": 13872}}, {"geometry": {"type": "Polygon", "coordinates": [[[-6.181944442681811, 34.881944444880276], [-6.184722220054368, 34.881944444880276], [-6.184722220054368, 34.887499999625334], [-6.181944442681811, 34.887499999625334], [-6.181944442681811, 34.88472222225283], [-6.181944442681811, 34.881944444880276]]]}, "type": "Feature", "properties": {"NAME_0": "Morocco", "NAME_1": "Gharb - Chrarda - B\u00e9ni Hssen", "NL_NAME_1": "", "ISO": "MAR", "Shape_Area": 1.54320942628e-05, "VARNAME_1": "", "ENGTYPE_1": "Region", "TLegend__M": "20", "TLegend__L": "9Mixed Class", "ID_0": 152, "ID_1": 4, "CCN_1": 0, "HASC_1": "MA.GB", "TLegend__1": "1", "TLegend__3": "0", "TLegend__2": "0003 / 0004", "TLegend__5": "Mosaic cropland vegetation", "TLegend__4": "A11 / A12", "TLegend__7": "Cultivated and Managed Terrestrial Area(s)\r\n / Natural And Semi-Natural Primarily Terrestrial Vegetation", "TLegend__6": "", "Shape_Leng": 0.0166666642352, "FID_MAR_ad": 3, "FID_Arable": 5179, "mar_gc_adg": 156505, "TYPE_1": "Region", "CCA_1": "", "mar_gc_a_2": 20, "mar_gc_a_3": "0003 / 0004", "mar_gc_a_1": 13849}}, {"geometry": {"type": "Polygon", "coordinates": [[[-6.079166664609829, 34.88472222225283], [-6.079166664609829, 34.881944444880276], [-6.073611108965451, 34.881944444880276], [-6.073611108965451, 34.879166666608455], [-6.076388887237329, 34.879166666608455], [-6.076388887237329, 34.87361111096408], [-6.081944442881706, 34.87361111096408], [-6.081944442881706, 34.8763888892359], [-6.079166664609829, 34.8763888892359], [-6.079166664609829, 34.879166666608455], [-6.081944442881706, 34.879166666608455], [-6.081944442881706, 34.881944444880276], [-6.084722220254207, 34.881944444880276], [-6.084722220254207, 34.8763888892359], [-6.087499998526084, 34.8763888892359], [-6.087499998526084, 34.8680555553197], [-6.084722220254207, 34.8680555553197], [-6.084722220254207, 34.86527777794714], [-6.090277775898585, 34.86527777794714], [-6.090277775898585, 34.8680555553197], [-6.093055553271142, 34.8680555553197], [-6.093055553271142, 34.879166666608455], [-6.087499998526084, 34.879166666608455], [-6.087499998526084, 34.881944444880276], [-6.090277775898585, 34.881944444880276], [-6.090277775898585, 34.887499999625334], [-6.087499998526084, 34.887499999625334], [-6.081944442881706, 34.887499999625334], [-6.081944442881706, 34.88472222225283], [-6.079166664609829, 34.88472222225283]]]}, "type": "Feature", "properties": {"NAME_0": "Morocco", "NAME_1": "Gharb - Chrarda - B\u00e9ni Hssen", "NL_NAME_1": "", "ISO": "MAR", "Shape_Area": 0.000192901225747, "VARNAME_1": "", "ENGTYPE_1": "Region", "TLegend__M": "14 - 15", "TLegend__L": "Error", "ID_0": 152, "ID_1": 4, "CCN_1": 0, "HASC_1": "MA.GB", "TLegend__1": "1", "TLegend__3": "0", "TLegend__2": "11498", "TLegend__5": "Rainfed cropland", "TLegend__4": "A3XXXXXXD1", "TLegend__7": "Rainfed Herbaceous Crop(s)", "TLegend__6": "", "Shape_Leng": 0.116666667633, "FID_MAR_ad": 3, "FID_Arable": 5182, "mar_gc_adg": 1956483, "TYPE_1": "Region", "CCA_1": "", "mar_gc_a_2": 14, "mar_gc_a_3": "11498", "mar_gc_a_1": 13817}}, {"geometry": {"type": "Polygon", "coordinates": [[[-6.28749999812635, 34.881944444880276], [-6.290277775498907, 34.881944444880276], [-6.290277775498907, 34.879166666608455], [-6.28749999812635, 34.879166666608455], [-6.28749999812635, 34.87361111096408], [-6.28791618278558, 34.87361111096408], [-6.28791618278558, 34.87374877918285], [-6.288194179417815, 34.87374877918285], [-6.288194179417815, 34.87430572572873], [-6.28847217515073, 34.87430572572873], [-6.28847217515073, 34.8745841981023], [-6.288750170883645, 34.8745841981023], [-6.288750170883645, 34.87486267137524], [-6.28902816751588, 34.87486267137524], [-6.28902816751588, 34.875137329724055], [-6.289581774878968, 34.875137329724055], [-6.289581774878968, 34.87541580209762], [-6.290277775498907, 34.87541580209762], [-6.290277775498907, 34.8763888892359], [-6.295833331143285, 34.8763888892359], [-6.295833331143285, 34.87913960600804], [-6.2957679774102075, 34.879166666608455], [-6.293055553770728, 34.88028978764362], [-6.29038095471725, 34.88139724698539], [-6.293055553770728, 34.88334442130804], [-6.293055553770728, 34.88472222225283], [-6.290277775498907, 34.88472222225283], [-6.28749999812635, 34.88472222225283], [-6.28749999812635, 34.881944444880276]]]}, "type": "Feature", "properties": {"NAME_0": "Morocco", "NAME_1": "Gharb - Chrarda - B\u00e9ni Hssen", "NL_NAME_1": "", "ISO": "MAR", "Shape_Area": 4.84988810394e-05, "VARNAME_1": "", "ENGTYPE_1": "Region", "TLegend__M": "150", "TLegend__L": "9Mixed Class", "ID_0": 152, "ID_1": 4, "CCN_1": 0, "HASC_1": "MA.GB", "TLegend__1": "1", "TLegend__3": "0", "TLegend__2": "20049 // 20058", "TLegend__5": "Sparse vegetation", "TLegend__4": "A1A14 // A2A14", "TLegend__7": "Sparse Woody Vegetation\r\n // Herbaceous Sparse Vegetation", "TLegend__6": "", "Shape_Leng": 0.0466714695054, "FID_MAR_ad": 3, "FID_Arable": 5189, "mar_gc_adg": 521814, "TYPE_1": "Region", "CCA_1": "", "mar_gc_a_2": 150, "mar_gc_a_3": "20049 // 20058", "mar_gc_a_1": 13948}}, {"geometry": {"type": "Polygon", "coordinates": [[[-6.106944442831718, 34.881944444880276], [-6.106944442831718, 34.879166666608455], [-6.109722220204276, 34.879166666608455], [-6.109722220204276, 34.87361111096408], [-6.112499998476096, 34.87361111096408], [-6.115277775848654, 34.87361111096408], [-6.115277775848654, 34.8763888892359], [-6.115277775848654, 34.88472222225283], [-6.112499998476096, 34.88472222225283], [-6.112499998476096, 34.881944444880276], [-6.106944442831718, 34.881944444880276]]]}, "type": "Feature", "properties": {"NAME_0": "Morocco", "NAME_1": "Gharb - Chrarda - B\u00e9ni Hssen", "NL_NAME_1": "", "ISO": "MAR", "Shape_Area": 6.17283970356e-05, "VARNAME_1": "", "ENGTYPE_1": "Region", "TLegend__M": "20", "TLegend__L": "9Mixed Class", "ID_0": 152, "ID_1": 4, "CCN_1": 0, "HASC_1": "MA.GB", "TLegend__1": "1", "TLegend__3": "0", "TLegend__2": "0003 / 0004", "TLegend__5": "Mosaic cropland vegetation", "TLegend__4": "A11 / A12", "TLegend__7": "Cultivated and Managed Terrestrial Area(s)\r\n / Natural And Semi-Natural Primarily Terrestrial Vegetation", "TLegend__6": "", "Shape_Leng": 0.0388888886114, "FID_MAR_ad": 3, "FID_Arable": 5190, "mar_gc_adg": 626066, "TYPE_1": "Region", "CCA_1": "", "mar_gc_a_2": 20, "mar_gc_a_3": "0003 / 0004", "mar_gc_a_1": 13893}}, {"geometry": {"type": "Polygon", "coordinates": [[[-6.245833331243205, 34.881944444880276], [-6.245833331243205, 34.8763888892359], [-6.245833331243205, 34.87361111096408], [-6.248611109515025, 34.87361111096408], [-6.248611109515025, 34.8763888892359], [-6.248611109515025, 34.881944444880276], [-6.248611109515025, 34.88472222225283], [-6.245833331243205, 34.88472222225283], [-6.245833331243205, 34.881944444880276]]]}, "type": "Feature", "properties": {"NAME_0": "Morocco", "NAME_1": "Gharb - Chrarda - B\u00e9ni Hssen", "NL_NAME_1": "", "ISO": "MAR", "Shape_Area": 3.08642035137e-05, "VARNAME_1": "", "ENGTYPE_1": "Region", "TLegend__M": "20", "TLegend__L": "9Mixed Class", "ID_0": 152, "ID_1": 4, "CCN_1": 0, "HASC_1": "MA.GB", "TLegend__1": "1", "TLegend__3": "0", "TLegend__2": "0003 / 0004", "TLegend__5": "Mosaic cropland vegetation", "TLegend__4": "A11 / A12", "TLegend__7": "Cultivated and Managed Terrestrial Area(s)\r\n / Natural And Semi-Natural Primarily Terrestrial Vegetation", "TLegend__6": "", "Shape_Leng": 0.0277777791212, "FID_MAR_ad": 3, "FID_Arable": 5194, "mar_gc_adg": 313032, "TYPE_1": "Region", "CCA_1": "", "mar_gc_a_2": 20, "mar_gc_a_3": "0003 / 0004", "mar_gc_a_1": 13939}}, {"geometry": {"type": "Polygon", "coordinates": [[[-6.123611108865532, 34.879166666608455], [-6.123611108865532, 34.8763888892359], [-6.126388887137409, 34.8763888892359], [-6.126388887137409, 34.879166666608455], [-6.126388887137409, 34.88472222225283], [-6.120833331493031, 34.88472222225283], [-6.120833331493031, 34.881944444880276], [-6.123611108865532, 34.881944444880276], [-6.123611108865532, 34.879166666608455]]]}, "type": "Feature", "properties": {"NAME_0": "Morocco", "NAME_1": "Gharb - Chrarda - B\u00e9ni Hssen", "NL_NAME_1": "", "ISO": "MAR", "Shape_Area": 3.08641985181e-05, "VARNAME_1": "", "ENGTYPE_1": "Region", "TLegend__M": "20", "TLegend__L": "9Mixed Class", "ID_0": 152, "ID_1": 4, "CCN_1": 0, "HASC_1": "MA.GB", "TLegend__1": "1", "TLegend__3": "0", "TLegend__2": "0003 / 0004", "TLegend__5": "Mosaic cropland vegetation", "TLegend__4": "A11 / A12", "TLegend__7": "Cultivated and Managed Terrestrial Area(s)\r\n / Natural And Semi-Natural Primarily Terrestrial Vegetation", "TLegend__6": "", "Shape_Leng": 0.0277777773226, "FID_MAR_ad": 3, "FID_Arable": 5196, "mar_gc_adg": 313024, "TYPE_1": "Region", "CCA_1": "", "mar_gc_a_2": 20, "mar_gc_a_3": "0003 / 0004", "mar_gc_a_1": 13898}}, {"geometry": {"type": "Polygon", "coordinates": [[[-5.759722220004392, 34.881944444880276], [-5.759722220004392, 34.879166666608455], [-5.762499998276269, 34.879166666608455], [-5.762499998276269, 34.8763888892359], [-5.765277775648769, 34.8763888892359], [-5.765277775648769, 34.879166666608455], [-5.768055553920647, 34.879166666608455], [-5.768055553920647, 34.881944444880276], [-5.768055553920647, 34.88472222225283], [-5.765277775648769, 34.88472222225283], [-5.765277775648769, 34.881944444880276], [-5.759722220004392, 34.881944444880276]]]}, "type": "Feature", "properties": {"NAME_0": "Morocco", "NAME_1": "Gharb - Chrarda - B\u00e9ni Hssen", "NL_NAME_1": "", "ISO": "MAR", "Shape_Area": 3.85802506453e-05, "VARNAME_1": "", "ENGTYPE_1": "Region", "TLegend__M": "14 - 15", "TLegend__L": "Error", "ID_0": 152, "ID_1": 4, "CCN_1": 0, "HASC_1": "MA.GB", "TLegend__1": "1", "TLegend__3": "0", "TLegend__2": "11498", "TLegend__5": "Rainfed cropland", "TLegend__4": "A3XXXXXXD1", "TLegend__7": "Rainfed Herbaceous Crop(s)", "TLegend__6": "", "Shape_Leng": 0.0333333338664, "FID_MAR_ad": 3, "FID_Arable": 5197, "mar_gc_adg": 391283, "TYPE_1": "Region", "CCA_1": "", "mar_gc_a_2": 14, "mar_gc_a_3": "11498", "mar_gc_a_1": 13785}}, {"geometry": {"type": "Polygon", "coordinates": [[[-6.115277775848654, 34.8763888892359], [-6.118055554120474, 34.8763888892359], [-6.118055554120474, 34.879166666608455], [-6.123611108865532, 34.879166666608455], [-6.123611108865532, 34.881944444880276], [-6.120833331493031, 34.881944444880276], [-6.120833331493031, 34.88472222225283], [-6.115277775848654, 34.88472222225283], [-6.115277775848654, 34.8763888892359]]]}, "type": "Feature", "properties": {"NAME_0": "Morocco", "NAME_1": "Gharb - Chrarda - B\u00e9ni Hssen", "NL_NAME_1": "", "ISO": "MAR", "Shape_Area": 4.62962977765e-05, "VARNAME_1": "", "ENGTYPE_1": "Region", "TLegend__M": "14 - 15", "TLegend__L": "Error", "ID_0": 152, "ID_1": 4, "CCN_1": 0, "HASC_1": "MA.GB", "TLegend__1": "1", "TLegend__3": "0", "TLegend__2": "11498", "TLegend__5": "Rainfed cropland", "TLegend__4": "A3XXXXXXD1", "TLegend__7": "Rainfed Herbaceous Crop(s)", "TLegend__6": "", "Shape_Leng": 0.0333333320676, "FID_MAR_ad": 3, "FID_Arable": 5201, "mar_gc_adg": 469537, "TYPE_1": "Region", "CCA_1": "", "mar_gc_a_2": 14, "mar_gc_a_3": "11498", "mar_gc_a_1": 13895}}, {"geometry": {"type": "Polygon", "coordinates": [[[-5.759722220004392, 34.881944444880276], [-5.765277775648769, 34.881944444880276], [-5.765277775648769, 34.88472222225283], [-5.759722220004392, 34.88472222225283], [-5.759722220004392, 34.881944444880276]]]}, "type": "Feature", "properties": {"NAME_0": "Morocco", "NAME_1": "Gharb - Chrarda - B\u00e9ni Hssen", "NL_NAME_1": "", "ISO": "MAR", "Shape_Area": 1.54320967609e-05, "VARNAME_1": "", "ENGTYPE_1": "Region", "TLegend__M": "20", "TLegend__L": "9Mixed Class", "ID_0": 152, "ID_1": 4, "CCN_1": 0, "HASC_1": "MA.GB", "TLegend__1": "1", "TLegend__3": "0", "TLegend__2": "0003 / 0004", "TLegend__5": "Mosaic cropland vegetation", "TLegend__4": "A11 / A12", "TLegend__7": "Cultivated and Managed Terrestrial Area(s)\r\n / Natural And Semi-Natural Primarily Terrestrial Vegetation", "TLegend__6": "", "Shape_Leng": 0.0166666660339, "FID_MAR_ad": 3, "FID_Arable": 5205, "mar_gc_adg": 156508, "TYPE_1": "Region", "CCA_1": "", "mar_gc_a_2": 20, "mar_gc_a_3": "0003 / 0004", "mar_gc_a_1": 13783}}, {"geometry": {"type": "Polygon", "coordinates": [[[-6.1013888871873405, 34.879166666608455], [-6.104166664559898, 34.879166666608455], [-6.104166664559898, 34.881944444880276], [-6.104166664559898, 34.88472222225283], [-6.1013888871873405, 34.88472222225283], [-6.1013888871873405, 34.879166666608455]]]}, "type": "Feature", "properties": {"NAME_0": "Morocco", "NAME_1": "Gharb - Chrarda - B\u00e9ni Hssen", "NL_NAME_1": "", "ISO": "MAR", "Shape_Area": 1.54320967609e-05, "VARNAME_1": "", "ENGTYPE_1": "Region", "TLegend__M": "14 - 15", "TLegend__L": "Error", "ID_0": 152, "ID_1": 4, "CCN_1": 0, "HASC_1": "MA.GB", "TLegend__1": "1", "TLegend__3": "0", "TLegend__2": "11498", "TLegend__5": "Rainfed cropland", "TLegend__4": "A3XXXXXXD1", "TLegend__7": "Rainfed Herbaceous Crop(s)", "TLegend__6": "", "Shape_Leng": 0.0166666660339, "FID_MAR_ad": 3, "FID_Arable": 5212, "mar_gc_adg": 156511, "TYPE_1": "Region", "CCA_1": "", "mar_gc_a_2": 14, "mar_gc_a_3": "11498", "mar_gc_a_1": 13889}}, {"geometry": {"type": "Polygon", "coordinates": [[[-6.073611108965451, 34.881944444880276], [-6.079166664609829, 34.881944444880276], [-6.079166664609829, 34.88472222225283], [-6.073611108965451, 34.88472222225283], [-6.073611108965451, 34.881944444880276]]]}, "type": "Feature", "properties": {"NAME_0": "Morocco", "NAME_1": "Gharb - Chrarda - B\u00e9ni Hssen", "NL_NAME_1": "", "ISO": "MAR", "Shape_Area": 1.54320967609e-05, "VARNAME_1": "", "ENGTYPE_1": "Region", "TLegend__M": "20", "TLegend__L": "9Mixed Class", "ID_0": 152, "ID_1": 4, "CCN_1": 0, "HASC_1": "MA.GB", "TLegend__1": "1", "TLegend__3": "0", "TLegend__2": "0003 / 0004", "TLegend__5": "Mosaic cropland vegetation", "TLegend__4": "A11 / A12", "TLegend__7": "Cultivated and Managed Terrestrial Area(s)\r\n / Natural And Semi-Natural Primarily Terrestrial Vegetation", "TLegend__6": "", "Shape_Leng": 0.0166666660339, "FID_MAR_ad": 3, "FID_Arable": 5218, "mar_gc_adg": 156508, "TYPE_1": "Region", "CCA_1": "", "mar_gc_a_2": 20, "mar_gc_a_3": "0003 / 0004", "mar_gc_a_1": 13873}}, {"geometry": {"type": "Polygon", "coordinates": [[[-6.106944442831718, 34.881944444880276], [-6.112499998476096, 34.881944444880276], [-6.112499998476096, 34.88472222225283], [-6.109722220204276, 34.88472222225283], [-6.106944442831718, 34.88472222225283], [-6.106944442831718, 34.881944444880276]]]}, "type": "Feature", "properties": {"NAME_0": "Morocco", "NAME_1": "Gharb - Chrarda - B\u00e9ni Hssen", "NL_NAME_1": "", "ISO": "MAR", "Shape_Area": 1.54320967609e-05, "VARNAME_1": "", "ENGTYPE_1": "Region", "TLegend__M": "14 - 15", "TLegend__L": "Error", "ID_0": 152, "ID_1": 4, "CCN_1": 0, "HASC_1": "MA.GB", "TLegend__1": "1", "TLegend__3": "0", "TLegend__2": "11498", "TLegend__5": "Rainfed cropland", "TLegend__4": "A3XXXXXXD1", "TLegend__7": "Rainfed Herbaceous Crop(s)", "TLegend__6": "", "Shape_Leng": 0.0166666660339, "FID_MAR_ad": 3, "FID_Arable": 5221, "mar_gc_adg": 156508, "TYPE_1": "Region", "CCA_1": "", "mar_gc_a_2": 14, "mar_gc_a_3": "11498", "mar_gc_a_1": 13890}}, {"geometry": {"type": "Polygon", "coordinates": [[[-6.1597222201043, 34.8680555553197], [-6.165277775748677, 34.8680555553197], [-6.165277775748677, 34.879166666608455], [-6.162499998376177, 34.879166666608455], [-6.162499998376177, 34.881944444880276], [-6.156944442731799, 34.881944444880276], [-6.156944442731799, 34.874023859313695], [-6.157139500287656, 34.873644400268915], [-6.15814800003011, 34.87117980010777], [-6.158299492627464, 34.87083333359152], [-6.1597222201043, 34.87083333359152], [-6.1597222201043, 34.8680555553197]]]}, "type": "Feature", "properties": {"NAME_0": "Morocco", "NAME_1": "Gharb - Chrarda - B\u00e9ni Hssen", "NL_NAME_1": "", "ISO": "MAR", "Shape_Area": 9.81048854495e-05, "VARNAME_1": "", "ENGTYPE_1": "Region", "TLegend__M": "20", "TLegend__L": "9Mixed Class", "ID_0": 152, "ID_1": 4, "CCN_1": 0, "HASC_1": "MA.GB", "TLegend__1": "1", "TLegend__3": "0", "TLegend__2": "0003 / 0004", "TLegend__5": "Mosaic cropland vegetation", "TLegend__4": "A11 / A12", "TLegend__7": "Cultivated and Managed Terrestrial Area(s)\r\n / Natural And Semi-Natural Primarily Terrestrial Vegetation", "TLegend__6": "", "Shape_Leng": 0.0433666202805, "FID_MAR_ad": 3, "FID_Arable": 5230, "mar_gc_adg": 1017403, "TYPE_1": "Region", "CCA_1": "", "mar_gc_a_2": 20, "mar_gc_a_3": "0003 / 0004", "mar_gc_a_1": 13969}}, {"geometry": {"type": "Polygon", "coordinates": [[[-5.898611109315198, 34.881944444880276], [-5.898611109315198, 34.879166666608455], [-5.89583333104332, 34.879166666608455], [-5.89583333104332, 34.8763888892359], [-5.898611109315198, 34.8763888892359], [-5.904166664959575, 34.8763888892359], [-5.904166664959575, 34.881944444880276], [-5.898611109315198, 34.881944444880276]]]}, "type": "Feature", "properties": {"NAME_0": "Morocco", "NAME_1": "Gharb - Chrarda - B\u00e9ni Hssen", "NL_NAME_1": "", "ISO": "MAR", "Shape_Area": 3.85802481474e-05, "VARNAME_1": "", "ENGTYPE_1": "Region", "TLegend__M": "20", "TLegend__L": "9Mixed Class", "ID_0": 152, "ID_1": 4, "CCN_1": 0, "HASC_1": "MA.GB", "TLegend__1": "1", "TLegend__3": "0", "TLegend__2": "0003 / 0004", "TLegend__5": "Mosaic cropland vegetation", "TLegend__4": "A11 / A12", "TLegend__7": "Cultivated and Managed Terrestrial Area(s)\r\n / Natural And Semi-Natural Primarily Terrestrial Vegetation", "TLegend__6": "", "Shape_Leng": 0.0277777791213, "FID_MAR_ad": 3, "FID_Arable": 5232, "mar_gc_adg": 391291, "TYPE_1": "Region", "CCA_1": "", "mar_gc_a_2": 20, "mar_gc_a_3": "0003 / 0004", "mar_gc_a_1": 13878}}, {"geometry": {"type": "Polygon", "coordinates": [[[-6.237499998226269, 34.87361111096408], [-6.243055553870647, 34.87361111096408], [-6.245833331243205, 34.87361111096408], [-6.245833331243205, 34.8763888892359], [-6.245833331243205, 34.881944444880276], [-6.243055553870647, 34.881944444880276], [-6.241676961522501, 34.881944444880276], [-6.24171500014711, 34.88137989996244], [-6.237499998226269, 34.88124521119761], [-6.237499998226269, 34.87361111096408]]]}, "type": "Feature", "properties": {"NAME_0": "Morocco", "NAME_1": "Gharb - Chrarda - B\u00e9ni Hssen", "NL_NAME_1": "", "ISO": "MAR", "Shape_Area": 6.67917693068e-05, "VARNAME_1": "", "ENGTYPE_1": "Region", "TLegend__M": "14 - 15", "TLegend__L": "Error", "ID_0": 152, "ID_1": 4, "CCN_1": 0, "HASC_1": "MA.GB", "TLegend__1": "1", "TLegend__3": "0", "TLegend__2": "11498", "TLegend__5": "Rainfed cropland", "TLegend__4": "A3XXXXXXD1", "TLegend__7": "Rainfed Herbaceous Crop(s)", "TLegend__6": "", "Shape_Leng": 0.033240115197, "FID_MAR_ad": 3, "FID_Arable": 5239, "mar_gc_adg": 704333, "TYPE_1": "Region", "CCA_1": "", "mar_gc_a_2": 14, "mar_gc_a_3": "11498", "mar_gc_a_1": 13985}}, {"geometry": {"type": "Polygon", "coordinates": [[[-6.081944442881706, 34.8763888892359], [-6.084722220254207, 34.8763888892359], [-6.084722220254207, 34.881944444880276], [-6.081944442881706, 34.881944444880276], [-6.081944442881706, 34.879166666608455], [-6.079166664609829, 34.879166666608455], [-6.079166664609829, 34.8763888892359], [-6.081944442881706, 34.8763888892359]]]}, "type": "Feature", "properties": {"NAME_0": "Morocco", "NAME_1": "Gharb - Chrarda - B\u00e9ni Hssen", "NL_NAME_1": "", "ISO": "MAR", "Shape_Area": 2.31481463902e-05, "VARNAME_1": "", "ENGTYPE_1": "Region", "TLegend__M": "20", "TLegend__L": "9Mixed Class", "ID_0": 152, "ID_1": 4, "CCN_1": 0, "HASC_1": "MA.GB", "TLegend__1": "1", "TLegend__3": "0", "TLegend__2": "0003 / 0004", "TLegend__5": "Mosaic cropland vegetation", "TLegend__4": "A11 / A12", "TLegend__7": "Cultivated and Managed Terrestrial Area(s)\r\n / Natural And Semi-Natural Primarily Terrestrial Vegetation", "TLegend__6": "", "Shape_Leng": 0.0222222225775, "FID_MAR_ad": 3, "FID_Arable": 5246, "mar_gc_adg": 234775, "TYPE_1": "Region", "CCA_1": "", "mar_gc_a_2": 20, "mar_gc_a_3": "0003 / 0004", "mar_gc_a_1": 13946}}, {"geometry": {"type": "Polygon", "coordinates": [[[-5.770833331293147, 34.8763888892359], [-5.776388886937525, 34.8763888892359], [-5.776388886937525, 34.879166666608455], [-5.773611109565024, 34.879166666608455], [-5.773611109565024, 34.881944444880276], [-5.770833331293147, 34.881944444880276], [-5.770833331293147, 34.8763888892359]]]}, "type": "Feature", "properties": {"NAME_0": "Morocco", "NAME_1": "Gharb - Chrarda - B\u00e9ni Hssen", "NL_NAME_1": "", "ISO": "MAR", "Shape_Area": 2.31481488885e-05, "VARNAME_1": "", "ENGTYPE_1": "Region", "TLegend__M": "14 - 15", "TLegend__L": "Error", "ID_0": 152, "ID_1": 4, "CCN_1": 0, "HASC_1": "MA.GB", "TLegend__1": "1", "TLegend__3": "0", "TLegend__2": "11498", "TLegend__5": "Rainfed cropland", "TLegend__4": "A3XXXXXXD1", "TLegend__7": "Rainfed Herbaceous Crop(s)", "TLegend__6": "", "Shape_Leng": 0.0222222225775, "FID_MAR_ad": 3, "FID_Arable": 5247, "mar_gc_adg": 234775, "TYPE_1": "Region", "CCA_1": "", "mar_gc_a_2": 14, "mar_gc_a_3": "11498", "mar_gc_a_1": 13835}}]}